"GNC","50869","Military-Twix/Snickers Large Coffee Rack",4,0,0,0,"EA",29.5,23,14.75,21.18,1,1,1,"202409130216","20191014","B","Y"
"GNC","96367","Heavy Duty S hooks",1423,0,0,0,"PK",8,5.5,1,1.13,40,69,1.73,"202409130216","20141008","C","Y"
"GNC","56700","Halloween Bridge with POS Kit (2 pc.) WALMART ONLY",0,0,0,0,"EA",48,31,11,53,1,1,1,"202409130216","20180801","C","N"
"GNC","WC0336"," Hanging Label Holder",0,0,0,0,"PK",9,6,1,.02,700,700,1,"202409130216","20181212","C","Y"
"GNC","WC0515","Skittles/Starburst SS KD box w/Out of Stock message",100,0,0,0,"PK",7.5,6.25,2.125,1.25,8,480,60,"202409130216","20180508","C","Y"
"GNC","WC0483","Channel Strips - 4ft Dark Red",5,0,0,0,"CS",12,12,2,5,1,151,151,"202409130216","20170406","C","Y"
"GNC","56849","Starburst Gummies Sour Berries Peg Card (25/Pack)",111,0,0,0,"PK",6,4,.125,.15,325,650,2,"202409130216","20190130","C","Y"
"GNC","56868","KD BOX M&M Hazelnut Single",0,0,0,0,"PK",11.69,5.69,1.75,.93,10,600,60,"202409130216","20190226","C","Y"
"GNC","56870","KD Box Mega Pack 5 RAIN",0,0,0,0,"PK",4.94,3.375,1.75,.39,20,1600,80,"202409130216","20190226","C","Y"
"GNC","56866","KD BOX 3M Birthday Cake",0,0,0,0,"PK",10.69,7.75,1.75,.98,10,450,45,"202409130216","20190226","C","Y"
"GNC","56444","Walmart 4 Way Display-ship on pallet",19,0,0,0,"CS",61.5,49,49,305,1,1,1,"202409130216","20191217","C","Y"
"GNC","56776","7/9/14 FLX Rack POG STICKERS",165,0,0,0,"EA",14,3,1,0,375,3750,10,"202409130216","20210409","C","Y"
"GNC","56860","Creamy Snickers Header (1 Per)",0,0,0,0,"EA",30,6.5,.01,2,1,100,100,"202409130216","20190205","C","Y"
"GNC","56208","Albertsons Powerwing 2.1-ships on pallet",6,0,0,0,"CS",65.75,17.75,9.25,36,1,10,10,"202409130216","20191025","C","Y"
"GNC","56821","M&M Tablet Clip Strip (2 Per Case)",0,0,0,0,"CS",37,12.375,1.188,2,1,99,99,"202409130216","20190109","C","Y"
"GNC","56851","Flavor Vote 4 Way Dress Up Kit (1 set Per)",0,0,0,0,"CS",49,17,1,3,1,200,200,"202409130216","20191021","C","N"
"GNC","56947","Kind 6pk Ice Cream Merchandiser with pusher",0,0,0,0,"CS",21.75,12.875,9.438,7.15,1,24,24,"202409130216","20190522","C","Y"
"GNC","57102","Price Sticker 1 - 2.25  x 2.25 ",0,0,0,0,"EA",2.25,2.25,.1,.03,93,93,1,"202409130216","20191021","C","N"
"GNC","56952","Extra Refreshers 3 Tier Wire Pole Rack/Counter Unit",0,0,0,0,"CS",35.2,10.6,10.2,6.6,1,25,25,"202409130216","20190731","C","Y"
"GNC","57119","Ice Cream Cooler Bunker  Hooks for item#57006",0,0,0,0,"EA",8,1,1,.29,14,3024,216,"202409130216","20190731","C","Y"
"GNC","56880","Christmas Open Up the Holidays Stacked Presents  Tree  (1 Pe",0,0,0,0,"CS",45.313,40,1.75,10,1,24,24,"202409130216","20190828","C","Y"
"GNC","57025","Rite Aid Corrugate Pusher System (11 Per Case)",0,0,0,0,"CS",17.75,15.5,8,7,1,30,30,"202409130216","20190813","C","N"
"GNC","57108","Christmas Open Up the Holidays Dump Bin No Topper (1 Per Cas",0,0,0,0,"CS",31,29.375,1.563,6,1,31,31,"202409130216","20190822","C","Y"
"GNC","57004","Red  White & Blue Large Pop Up",0,0,0,0,"CS",49.5,29,3.75,17.5,1,10,10,"202409130216","20191021","C","N"
"GNC","57205","NASCAR Car Focal Point (1 Per Case)",0,0,0,0,"CS",48,30,9.063,30,1,4,4,"202409130216","20191210","C","Y"
"GNC","57276","Walmart 4 Way Dress Up Kit (Q1 2020)",0,0,0,0,"CS",52,9,9,9,1,116,116,"202409130216","20200127","C","Y"
"GNC","56980","Starburst Swirlers Hex Bin - Starburst - ( 1 Case )",0,0,0,0,"CS",41.375,7.5,2,7.5,1,21,21,"202409130216","20200221","C","Y"
"GNC","57386","Circle K Cooler Pusher 3 pack -Mars Ice Cream",0,0,0,0,"CS",18.75,9.625,3,3,1,40,40,"202409130216","20200331","C","Y"
"GNC","57085","Extra/5 Mega Pack Counter Rack 2.0",2,0,0,0,"CS",24,8.25,3.7,3.7,1,70,70,"202409130216","20200310","C","Y"
"GNC","57409","Hand Gloves Size X-Large (100/Pack)",18,0,0,0,"PK",9,5,2.5,1.7,10,600,60,"202409130216","20200410","C","Y"
"GNC","57092","MMX Lucas World Tailor Made Island",0,0,0,0,"CS",280,89,47,280,1,1,1,"202409130216","20191125","C","Y"
"GNC","57176","Circle K Superbowl Dump Bin",0,0,0,0,"CS",40.75,11,2.875,11,1,14,14,"202409130216","20191114","C","Y"
"GNC","56960","Superbowl Football Focal Point (1 Case)",0,0,0,0,"CS",48,22,5.375,22,1,11,11,"202409130216","20191116","C","Y"
"GNC","57165","Halloween BHOTB Mega House Test (1 Per Case)",0,0,0,0,"CS",270,48,34,270,1,1,1,"202409130216","20191126","C","Y"
"GNC","57151","Cobranded Mod Pod - Skittles/Starburst (20 Per Pack)",6990,0,0,0,"PK",16,13,1,.55,20,320,16,"202409130216","20200102","C","Y"
"GNC","57129","Twix Cookies and Creme Mod Pod (10 Pack)",0,0,0,0,"PK",1,1,1,.04,20,320,16,"202409130216","20191219","C","Y"
"GNC","56973","Orbit Relaunch Dangler (10 pack)",0,0,0,0,"PK",6,4.5,.1,.1,350,16800,48,"202409130216","20191204","C","Y"
"GNC","57279","Nascar Kyle Standee with Championship Lug On (1 Per Case)",0,0,0,0,"CS",38.375,4.2,1.125,4.2,1,37,37,"202409130216","20200114","C","N"
"GNC","57163","M&M Messages Dangler (10 Pack)",0,0,0,0,"PK",.1,.1,.1,.1,350,16800,48,"202409130216","20191209","C","Y"
"GNC","57479","Industrial Tape - 2 Mil  2  x 110 yds  Clear ",0,0,0,0,"EA",14,12,10,.28,36,36,1,"202409130216","20200828","C","Y"
"GNC","57456","7-11 Orbit Promo POP Update 134753 2/$2.22",0,0,0,0,"EA",16,10.25,6,0,2800,5600,2,"202409130216","20200831","C","Y"
"GNC","57333","Super Bowl Dangler - 10PK",0,0,0,0,"PK",1,1,1,.1,350,16800,48,"202409130216","20201031","C","Y"
"GNC","57428","CVS M&M Bowl Display",0,0,0,0,"CS",13.25,6.625,2.6,2.6,1,54,54,"202409130216","20201020","C","N"
"GNC","57334","Snickers Brownie Small Pop Up with Arch",0,0,0,0,"CS",48,36,8.5,36,1,5,5,"202409130216","20201106","C","Y"
"GNC","56994","Snickers NFL Dangler ( 10 pack)",0,0,0,0,"PK",6,4.5,.1,.1,350,16800,48,"202409130216","20200515","C","Y"
"GNC","57498","Innovation Knockdown Boxes - MM Classic Mix Share Size & MM",0,0,0,0,"PK",18,4,2.5,2,20,400,20,"202409130216","20201120","C","Y"
"GNC","57477","Superbowl 2021 - National Kit - with Pallet Skirt",0,0,0,0,"CS",33,10,3,10,1,11,11,"202409130216","20201125","C","Y"
"GNC","57439","2021 Performance Reward Brochures",0,0,0,0,"EA",11,8.75,.0625,.08,400,32000,80,"202409130216","20200720","C","Y"
"GNC","57395","Do Not Discard Display Attachment",6193,0,0,0,"PK",8,3,3,3,10,600,60,"202409130216","20210721","C","Y"
"GNC","57692","Walmart SNK DK ALM - OPF - 1C Direct (July/1PK) 1158155-1",0,0,0,0,"EA",30.375,20.1875,1.125,1.03,1,1,1,"202409130216","20210721","C","N"
"GNC","57671","Gum Currugated Power Wing",2536,0,0,0,"CS",27.25,5,4.125,5,1,30,30,"202409130216","20210730","C","Y"
"GNC","57718","Grocery Holiday End Cap Kit (1PK)",0,0,0,0,"CS",50,10,5,5,1,205,205,"202409130216","20210929","C","Y"
"GNC","57629","DECA Lane Blocker 2.0 Caddies (Set of 2)",0,0,0,0,"CS",17.25,7.69,6,6,1,24,24,"202409130216","20211012","C","Y"
"GNC","57565","= ||||en||48IN FET Gridwall Display w/18  Shelf ",6,0,0,0,"CS",55,48.5,46,55,1,8,8,"202409130216","20210205","C","Y"
"GNC","57569","SCO TRAY TOPPER",14,0,0,0,"CS",22.5,15,12.5,15,1,36,36,"202409130216","20210205","C","Y"
"GNC","57710","Counter Change Mat",0,0,0,0,"CS",26,14,8,26,1,45,45,"202409130216","20220328","C","Y"
"GNC","57521","Orbit Mega Counter Pod - Overlay ( 10Pk )",114,0,0,0,"PK",13,9,.1,.33,90,2880,32,"202409130216","20210412","C","Y"
"GNC","57592","36 Queuing Display Starter Kit 2 of 2order with 57568",20,0,0,0,"CS",62,49.5,17.5,6.2,10,40,4,"202409130216","20210219","C","Y"
"GNC","57541","LFSG Exotics Peg Cards (25)",0,0,0,0,"PK",9.25,7.25,1,.33,150,150,1,"202409130216","20210331","C","Y"
"GNC","57571","Halloween Counter Pod - Overlay - ( 10PK )",0,0,0,0,"PK",13,9.25,.05,.42,70,1750,25,"202409130216","20210415","C","Y"
"GNC","57667","Holiday Bridge 2021 - WM (1PK)",0,0,0,0,"CS",48,42,9.5,42,1,4,4,"202409130216","20211008","C","Y"
"GNC","57537","Albertson Endcap Dress Up Kit",0,0,0,0,"CS",48,2.5,1.88,2.5,1,68,68,"202409130216","20210809","C","Y"
"GNC","57536","Gummy Spinner",1311,0,0,0,"CS",24,16,13,13,1,12,12,"202409130216","20210604","C","Y"
"GNC","57633","Easter Small Pop Up - Jelly Bean - 1 Pack",0,0,0,0,"CS",48,9,3.188,9,1,26,26,"202409130216","20211229","C","Y"
"GNC","57572","Christmas Counter Pod - Overlay - ( 10PK )",0,0,0,0,"PK",13.5,9.5,.25,.42,50,1600,32,"202409130216","20211027","C","Y"
"GNC","57749","Albertson Summer End Cap Kits",0,0,0,0,"CS",48,2.5,1.88,2.5,1,68,68,"202409130216","20211210","C","Y"
"GNC","57754","Party City M&M Mini/Hubba Bubba Chute Power Wing 2PK",324,0,0,0,"CS",24,6,2,6,1,80,80,"202409130216","20211124","C","Y"
"GNC","57729","Twix Salted Caramel Sticker for 56422",2500,0,0,0,"PK",11.5,9,2.5,10,1,2500,2500,"202409130216","20211105","C","Y"
"GNC","57579","Superbowl Small Pop Up with Header - 1 Per Case",0,0,0,0,"CS",48,14,3.375,14,1,12,12,"202409130216","20211108","C","Y"
"GNC","57965","Bubble Wrap for 56046 - Self Check Out Display - Small",0,0,0,0,"EA",24,24,24,10,2,2,1,"202409130216","20230214","C","Y"
"GNC","58032","Halloween Hex Bin no Header  DG",0,0,0,0,"CS",31,6,1.563,6,1,31,31,"202409130216","20240103","C","N"
"GNC","57930","Sidekick Display (Updated Art)",394,0,0,0,"CS",62,26,8,26,1,12,12,"202409130216","20230109","C","Y"
"GNC","57988","HEB Day of the Dead",18,0,0,0,"CS",48,9,3.188,9,1,26,26,"202409130216","20230621","C","Y"
"GNC","58088","Walmart Q2 4 Way Panels 2024",922,0,0,0,"CS",52,30,3,30,1,90,90,"202409130216","20240509","C","Y"
"GNC","57884","Twix Cookie Dough Single KD Box (20PK)",0,0,0,0,"PK",11,5,3,1.25,8,352,44,"202409130216","20221013","C","Y"
"GNC","57978","PB Minis/Mega and Skittles Littles - Counter Pod Overlay 10P",73,0,0,0,"PK",13.5,9.5,1,.54,55,1760,32,"202409130216","20240105","C","Y"
"GNC","57929","Generic Counter Pod - 5PK",10373,0,0,0,"CS",14,1.875,1,1,1,252,252,"202409130216","20221116","C","Y"
"GNC","57792","M&M's Character EBA(Purple) - Counter Pod Overlay ( 10 Per C",3577,0,0,0,"PK",13.5,9.5,1,.59,50,1600,32,"202409130216","20221209","C","Y"
"GNC","58017","BJ's Halloween Pallet Skirts (4PK) - 4 Stickers",0,0,0,0,"CS",46,25,5,25,1,12,12,"202409130216","20230728","C","Y"
"GNC","57966","Concession Counter Peg Display",856,0,0,0,"CS",17,12.5,9.375,12.5,1,30,30,"202409130216","20231127","C","Y"
"GNC","57935","Kroger Purple 4 Way Small Panel",229,0,0,0,"CS",43,17,1,3,1,150,150,"202409130216","20230112","C","Y"
"GNC","57987","Custom Peg Extender",31,0,0,0,"CS",36.75,10.7,2.94,10.7,1,60,60,"202409130216","20231011","C","Y"
"GNC","57911","Replacement Labels for 6F 57394",4351,0,0,0,"EA",9,6,.5,.15,190,4560,24,"202409130216","20230109","C","Y"
"GNC","57932","Counter Character Pod  - New artwork",4157,0,0,0,"CS",15.75,7.875,1.09,1.09,1,84,84,"202409130216","20240214","C","Y"
"GNC","57805","Snicker/NFL - Helmet Counter Bowl with NFL Header ( 5 Per Ca",147,0,0,0,"CS",21.25,5,2.938,5,1,70,70,"202409130216","20230612","C","Y"
"GNC","57938","Mars Display-Case Ready Gum Spearmint",59561,0,0,0,"EA",11,3.5,.2,.07,225,6750,30,"202409130216","20221212","C","Y"
"GNC","57943","Halloween DRC Pallet Topper",469,0,0,0,"CS",45.875,10,2.875,10,1,17,17,"202409130216","20230602","C","Y"
"GNC","57945","Halloween Decorative Standee",622,0,0,0,"CS",24,1,1,1,1,88,88,"202409130216","20230609","C","Y"
"GNC","27804C","M&M - FREEZER BINS",260,0,0,0,"CS",16.75,6.75,6.25,1.83,1,112,112,"202409130216","20240806","A","Y"
"GNC","58101","Walmart Wave 4 4 Way Panels",0,0,0,0,"CS",52,30,3,30,1,90,90,"202409130216","20240527","C","N"
"GNC","58093","Self Check Out Display - Small (Full Pallet 56046)",4,0,0,1,"CS",370,63,48,370,1,1,1,"202409130216","20240412","C","N"
"GNC","50022","Suction Cups",90,0,0,0,"PK",8.5,6,2.5,.02,50,1200,24,"202409130216","20140813","C","Y"
"GNC","56338","Magnetic Cooler Rack",360,0,0,0,"CS",19,19,12.5,16.5,1,14,14,"202409130216","20191025","C","Y"
"GNC","56712","Walmart POS Signage- WEC",0,0,0,0,"CS",8.25,8.25,6.5,2,1,109,109,"202409130216","20180919","C","Y"
"GNC","52695","14F single FLX/12F share FLX/9F single FLX/7 single",56,0,0,0,"CS",17,16,10,6.5,1,39,39,"202409130216","20170202","A","Y"
"GNC","56648","Standard 4 way Mini",5,0,0,0,"CS",53,48,48,280,1,1,1,"202409130216","20180803","C","Y"
"GNC","WR0938","Channel Strips - 4ft Red",9,0,0,0,"CS",18.5,14.5,12.5,1,1,126,126,"202409130216","20180906","X","Y"
"GNC","WC0510","Eclipse Generic KD Box w/Out of Stock message",448,0,0,0,"PK",8.5,2.75,2.625,.6,10,800,80,"202409130216","20170307","C","Y"
"GNC","WD6894","4 Shelf Wire - Extra Long",149,0,0,0,"CS",48,40,10,30,1,6,6,"202409130216","20161118","X","Y"
"GNC","56869","KD BOX Snickers Salty & Sweet SS",0,0,0,0,"PK",10.69,6.125,1.75,.98,10,600,60,"202409130216","20190226","C","Y"
"GNC","56046","Self Check Out Display - Small",56,0,0,0,"CS",39,31,9,50.7,1,6,6,"202409130216","20240221","X","Y"
"GNC","09069BLUE","M&M Character  - Blue",27,0,0,0,"CS",35,22,19,32.2,1,4,4,"202409130216","20180404","C","Y"
"GNC","56948","M&M Balloons",0,0,0,0,"PK",22,19,.5,.05,100,1200,12,"202409130216","20190416","C","Y"
"GNC","56637","8 Tier Share - Hardware",518,0,0,0,"CS",25,19.3,14.125,31,1,4,4,"202409130216","20190121","C","Y"
"GNC","56166","Extra/Five(formerly Alert) Counter Unit",468,0,0,0,"CS",15.55,8.66,6.89,3.53,1,108,108,"202409130216","20230711","C","Y"
"GNC","56351","Dove Everyday Two Sided Floorstand (1 Per Case)",321,0,0,0,"CS",48,18.875,2.875,10,1,28,28,"202409130216","20190109","C","Y"
"GNC","56822","M&M Tablet Aisle Bump Out (2 Per)",0,0,0,0,"PK",30.75,21,14,.6,50,300,6,"202409130216","20190124","C","Y"
"GNC","56475","Lg Black Pallet Wrap with Tape - 195  Long x 6  Tall",1587,0,0,0,"PK",8,2,2,.34,16,960,60,"202409130216","20180226","C","Y"
"GNC","56740","TCG1979 Walmart PDQ Tray",0,0,0,0,"CS",48,35.875,2.25,9.5,1,18,18,"202409130216","20180926","C","Y"
"GNC","56654","Casey's Gum/Popcorn Display",50,0,0,0,"CS",24,9,7,7,1,25,25,"202409130216","20210611","C","Y"
"GNC","56837","Easter End Cap Dress Up Kit (1 Set Per)",0,0,0,0,"CS",31.688,22.938,2.313,10,1,38,38,"202409130216","20190606","C","N"
"GNC","56996","M&M Hazelnut Promo Kit( 1 Set Per Case)",0,0,0,0,"CS",40.375,29.25,23.938,10,1,1,1,"202409130216","20190627","C","Y"
"GNC","57050","Kind Peanut Butter Protein Dangler (10 Pack)",0,0,0,0,"PK",7.4375,5.1875,.01,.07,220,220,1,"202409130216","20190524","C","Y"
"GNC","57036","Snickers Summer Shelf Blades - Snickers",0,0,0,0,"PK",10,9,1.5,.5,10,220,22,"202409130216","20191021","C","N"
"GNC","57043","MMX Halloween Lucas World 4 Way Display US",0,0,0,0,"CS",48,16.875,9.875,30,1,8,8,"202409130216","20190802","C","N"
"GNC","57045","Skittles/Starburst/Lifesavers Hex Bin No Header (1 Per Case)",204,0,0,0,"CS",31,29.375,1.563,6,1,31,31,"202409130216","20190619","C","Y"
"GNC","57044","MMX Halloween 2019 Lucas World 4 Way Display MX",0,0,0,0,"CS",48,16.875,9.875,30,1,8,8,"202409130216","20190812","C","Y"
"GNC","57074","Kroger Giveaway Bags - Mixed Colors (240 Per Case)",0,0,0,0,"CS",22,15.5,12,17,1,24,24,"202409130216","20191217","C","Y"
"GNC","57408","Hand Gloves Size Large (100/Pack)",32,0,0,0,"PK",9,5,2.5,1.7,10,600,60,"202409130216","20200402","C","Y"
"GNC","56915","WL Petrey Peg Racks",49,0,0,0,"CS",49,2,1,1,1,50,50,"202409130216","20220112","C","Y"
"GNC","57226","Starburst Swirlers Share KD Innovation",0,0,0,0,"PK",9.75,8,2.5,2.03,8,256,32,"202409130216","20191126","C","Y"
"GNC","57220","M&M Mini Mega KD Innovation",0,0,0,0,"PK",10.1875,6.25,3,2,8,288,36,"202409130216","20191126","C","Y"
"GNC","57186","Peek a Boo Two Sided Floorstand",1371,0,0,0,"CS",48,10,2.875,10,1,28,28,"202409130216","20200102","C","Y"
"GNC","56958","Super Bowl Dangler ( 10 Pack )",0,0,0,0,"PK",6,4.5,.1,.15,220,1100,5,"202409130216","20191016","C","Y"
"GNC","56976","Skittles Dips Dangler 10 pack - Skittles ( 10 pack )",0,0,0,0,"PK",6,4.5,.1,.1,350,3150,9,"202409130216","20191203","C","Y"
"GNC","57065","Easter Small Pop Up (1 Per Case)",0,0,0,0,"CS",48,9,3.188,9,1,26,26,"202409130216","20191205","C","Y"
"GNC","57229","Superbowl National Kit - no Pallet Skirt",0,0,0,0,"CS",33,10,3,10,1,11,11,"202409130216","20191204","C","Y"
"GNC","57464","Q3 4 Way Refresh 2020",0,0,0,0,"CS",52,9,2,9,1,165,165,"202409130216","20200825","C","Y"
"GNC","57309","Snickers Brownie Small Pop Up",0,0,0,0,"CS",48,9,3.188,9,1,26,26,"202409130216","20201030","C","Y"
"GNC","57350","Super Bowl Small Pop Up with Header Card",0,0,0,0,"CS",48,14,3.375,14,1,12,12,"202409130216","20201106","C","Y"
"GNC","57393","Kind Bark IRC (100/Packs)",0,0,0,0,"PK",3,2,1,.16,31,31,1,"202409130216","20200508","C","Y"
"GNC","57359","Southwest Convenience 3 Tier Wire Rack",28,0,0,0,"CS",13.75,11.25,6,6,1,39,39,"202409130216","20200618","C","Y"
"GNC","57311","Snickers Brownie Counter Pod Overlays - 10PK",0,0,0,0,"PK",.1,.1,.1,.33,90,2880,32,"202409130216","20201207","C","Y"
"GNC","57472","Easter Counter Pod Overlay - 10PK",0,0,0,0,"PK",13,9,.1,.33,90,2880,32,"202409130216","20201207","C","Y"
"GNC","57485","Skittles Gummies Wild Berry Peg Card (25PK)",2040,0,0,0,"PK",6,4,1,.03,200,20000,100,"202409130216","20231204","C","Y"
"GNC","57452","Large Vinyl Gloves - 100/box",0,0,0,0,"PK",9,5,2.5,1.7,10,10,1,"202409130216","20200922","C","Y"
"GNC","57273","Micro Mart Vending Display Rack",0,0,0,0,"EA",33.3,14.1,11,20,1,12,12,"202409130216","20220715","C","Y"
"GNC","57780","Christmas Small Pop Up - Baking",258,0,0,0,"CS",48,9,3.188,9,1,26,26,"202409130216","20220922","C","Y"
"GNC","57624","Step Gum Counter Unit ( 2 Carton Capacity) 5 PK",10206,0,0,0,"PK",10,12,1,1,20,320,16,"202409130216","20220118","C","Y"
"GNC","57688","2022-E-Performance Rewards Brochure",0,0,0,0,"EA",11,8.5,.125,.18,175,9975,57,"202409130216","20210707","C","Y"
"GNC","57680","Q3 4 Way Refresh 2021",0,0,0,0,"EA",52,16,3,30,1,80,80,"202409130216","20210730","C","Y"
"GNC","57743","Halloween - Bridge - Grocery",0,0,0,0,"CS",48,42,9.5,42,1,4,4,"202409130216","20220609","C","Y"
"GNC","57508","Combos Small Pop Up",384,0,0,0,"CS",49,7,3,7,1,16,16,"202409130216","20210119","C","Y"
"GNC","57394","PRP 6F display",5405,0,0,0,"CS",20,17.75,15,20,1,36,36,"202409130216","20210120","C","Y"
"GNC","57567","= ||||en||48IN Gridwall Display W/24  Shelf ",15,0,0,0,"CS",56,48.5,46,56,1,8,8,"202409130216","20210205","C","Y"
"GNC","57568","36in Queuing Display Starter Kit box 1 of 2 order with 57592",20,0,0,0,"CS",62,49.5,17.5,62,1,4,4,"202409130216","20210219","C","Y"
"GNC","57611","Summer Moment - Small Pop up",0,0,0,0,"CS",48,9,3.188,9,1,26,26,"202409130216","20220228","C","Y"
"GNC","57531","Q1 2021 4 Way Refresh",0,0,0,0,"CS",52,9,2,9,1,159,159,"202409130216","20210212","C","Y"
"GNC","57315","M&M's Mix Large Pop Up",0,0,0,0,"CS",49.5,17.5,3.75,17.5,1,11,11,"202409130216","20210216","C","Y"
"GNC","57318","Skittles Gummies Core Hex Bin with Greeter",49,0,0,0,"CS",45.375,8,2,8,1,21,21,"202409130216","20210303","C","Y"
"GNC","57811","Halloween Hex Bin No Header - CVS",132,0,0,0,"CS",31,6,1.563,6,1,31,31,"202409130216","20220513","C","Y"
"GNC","57838","4PK Clips for 56083",0,0,0,0,"PK",6,4,1,.1,100,1000,10,"202409130216","20220516","C","Y"
"GNC","57653","7-Eleven Standard 2 for $3 POS",0,0,0,0,"PK",12,2.265,.01,.01,145,3045,21,"202409130216","20210520","C","Y"
"GNC","57652","7-Eleven King Size 2 for $4 POS",0,0,0,0,"PK",12,2.265,.01,.01,145,3045,21,"202409130216","20210520","C","Y"
"GNC","57651","7-Eleven Gum Singles 2 for $3 POS",0,0,0,0,"PK",12,2.265,.01,.01,145,4640,32,"202409130216","20210520","C","Y"
"GNC","57716","PPE Cut Glove Pair - Kyorene Pro - Medium size",187,0,0,0,"EA",9.3,3.4,.25,.1,50,1250,25,"202409130216","20230629","C","Y"
"GNC","57674","FLX Rack Stickers for 13F Share",1831,0,0,0,"EA",17,11,.04,.08,300,600,2,"202409130216","20210714","C","Y"
"GNC","57757","Skittles Summer - Counter Pod Overlay (10PK)",0,0,0,0,"PK",15,12,12,.42,70,2240,32,"202409130216","20220309","C","Y"
"GNC","57626","Crunchy Cookie - Counter Pod Overlay - 10PK",0,0,0,0,"PK",15,12,12,.42,70,2240,32,"202409130216","20220309","C","Y"
"GNC","57703","MM Crunchy Cookie Share - KD Box (20PK)",0,0,0,0,"PK",12.25,7,2.5,1.49,8,192,24,"202409130216","20211116","C","Y"
"GNC","57670","Rite Aid Halloween Signage Kit",0,0,0,0,"CS",37,6,2,6,1,69,69,"202409130216","20210903","C","Y"
"GNC","57547","Albertson Endcap Dress Up Kit ( Christmas )",0,0,0,0,"CS",48,2.5,1.88,2.5,1,68,68,"202409130216","20210907","C","Y"
"GNC","57779","Halloween Hex bin No Header - National",349,0,0,0,"CS",31,6,1.563,6,1,31,31,"202409130216","20220523","C","Y"
"GNC","57859","2023 Performace Rewards Distributor Contract",0,0,0,0,"PK",11.75,8.5,.125,.36,85,2040,24,"202409130216","20220712","C","Y"
"GNC","57860","2023 Performance Rewards HQ Retailer Contract",0,0,0,0,"PK",11.75,8.5,.125,.22,140,700,5,"202409130216","20220712","C","Y"
"GNC","57993","HEB Large Pop Up",9,0,0,0,"CS",49.5,17.5,3.75,17.5,1,11,11,"202409130216","20230705","C","Y"
"GNC","58071","Concession Counter Peg Display (Skittles)",1128,0,0,0,"CS",17,15,9.375,12.5,1,30,30,"202409130216","20240115","C","Y"
"GNC","57905","Combos Skinny Hex Bin",255,0,0,0,"CS",32.625,5,1.75,5,1,48,48,"202409130216","20221205","C","Y"
"GNC","57954","Walmart Q2 4 Way Panels",0,0,0,0,"CS",52,30,3,30,1,128,128,"202409130216","20230306","C","Y"
"GNC","57883","Twix Cookie Dough Share KD Box (20PK)",0,0,0,0,"PK",10,8,3,1.38,8,256,32,"202409130216","20221013","C","Y"
"GNC","57871","Easter Hex Bin no Header  National",456,0,0,0,"CS",31,6,1.563,6,1,31,31,"202409130216","20221123","C","Y"
"GNC","57872","Easter Hex bin no Header  CVS",2500,0,0,0,"CS",31,6,1.563,6,1,31,31,"202409130216","20221128","C","Y"
"GNC","58024","PB Minis/Mega and Skittles Littles- Chute",146,0,0,0,"CS",24,6,2,6,1,80,80,"202409130216","20240126","C","Y"
"GNC","57888","M&Ms Peanut Butter Minis Share KD Box (20PK)",79,0,0,0,"PK",11,7,3,.88,8,288,36,"202409130216","20231002","C","N"
"GNC","57968","M&M's/Skittles Capture the Color Small Pop up",875,0,0,0,"CS",48,9,3.188,9,1,26,26,"202409130216","20240209","C","Y"
"GNC","57889","Skittles Littles Share KD Box (20PK)",33,0,0,0,"PK",11,7,3,.88,8,288,36,"202409130216","20221017","C","Y"
"GNC","57962","Skittles SummerAde 72CT Ct Header Card",8057,0,0,0,"CS",17,8.81,3,8.81,1,700,700,"202409130216","20230602","C","Y"
"GNC","57931","Superbowl 4 Way Topper - Phoenix",0,0,0,0,"CS",155.24,48,1.5,155.24,1,19,19,"202409130216","20221221","C","Y"
"GNC","57801","Extra Spring Gum Moment - Skinny hex Bin ( 1 Per Case )",1892,0,0,0,"CS",33,5,2,5,1,48,48,"202409130216","20230216","C","Y"
"GNC","57789","Twix Cookie Dough - Counter Pod Overlay ( 10 Per Case )",148,0,0,0,"PK",13.5,9.5,1,.25,120,3840,32,"202409130216","20221107","C","Y"
"GNC","58009","2024 Brochure Performance Reward Program",0,0,0,0,"EA",12,9,1,.22,150,9000,60,"202409130216","20230620","C","Y"
"GNC","58081","Clear Reorder Chips - 2.25 inch x 1.25 inch",655,0,0,0,"CS",3,2.75,.6,.6,1,300,300,"202409130216","20240301","C","Y"
"GNC","28260","Mars Wrigley 4-Sided Shoparound",5,0,0,0,"CS",52,42,24,165,1,1,1,"202409130216","20240820","C","Y"
"GNC","24925","2025 Performance Reward Contracts Distrb",207,0,0,0,"PK",12,8.75,1,1,40,400,10,"202409130216","20240621","C","Y"
"GNC","27804A","TWIX - FREEZER BINS",260,0,0,0,"CS",16.75,6.75,6.25,1.83,1,112,112,"202409130216","20240806","A","Y"
"GNC","58094","Small Ice Cream Cooler Stand",4,0,0,0,"CS",36,36,10,36,1,1,1,"202409130216","20240417","C","Y"
"GNC","58091","MARS ALMOND 9DX12W SHELF KIT",222,0,0,0,"CS",10,5,4.5,5,1,125,125,"202409130216","20240502","C","Y"
"GNC","52383","Metal Clip Strip with Large Brand Plate - 10 per case",6298,0,0,0,"CS",32,6.5,3.5,5.41,1,117,117,"202409130216","20170209","A","Y"
"GNC","56772","Doublemint Mega Pack Bean Flips (5 Pack)",0,0,0,0,"PK",3.125,3,2.75,.07,400,4000,10,"202409130216","20190625","C","N"
"GNC","56773","Snack Mix Bean Flips (5 Pack)",0,0,0,0,"PK",3.125,3,2.75,.07,400,1600,4,"202409130216","20190625","C","N"
"GNC","09069RTR","M&M Character  - Red",322,0,0,0,"CS",35,22,19,34.3,1,4,4,"202409130216","20170203","A","Y"
"GNC","56744","Walmart M&M PDQ Tray",0,0,0,0,"CS",46,19.375,3.188,12.32,1,28,28,"202409130216","20181026","C","Y"
"GNC","56721","Hubba Bubba Bubble Tape Generic Kd Box w/Out of Stock Messag",0,0,0,0,"PK",9.25,3,2.75,.1,20,2400,120,"202409130216","20181002","C","Y"
"GNC","52442","Sharing/Single Size Mini Powerwing 10 pack",1664,0,0,0,"CS",28.563,12.5,1.938,5.15,1,84,84,"202409130216","20171212","C","Y"
"GNC","52562","8 metal peg hooks with scan plate",144,0,0,0,"PK",15,10,.1,3.4,15,510,34,"202409130216","20220110","C","Y"
"GNC","56719","Superbowl Dump Bin - Circle k (1 Per Case)",0,0,0,0,"CS",40.75,40,2.875,11,1,14,14,"202409130216","20181029","C","Y"
"GNC","56736","Food Lion Lane Blocker",0,0,0,0,"CS",52,30,21.25,80,1,1,1,"202409130216","20181114","C","Y"
"GNC","WC0501","Starburst SS KD Box w/OOS msg",817,0,0,0,"PK",9.5,7.5,1,.5,10,360,36,"202409130216","20191217","C","Y"
"GNC","WC0430","Channel Strips - 4ft Dark Blue",319,0,0,0,"CS",12,12,2,5,1,126,126,"202409130216","20180906","C","Y"
"GNC","56676","Character Waterfall Replacement Poles",4,0,0,0,"EA",1,1,1,.02,50,50,1,"202409130216","20181015","C","Y"
"GNC","WR0230","48   Magna Bar- ID CHL 15  Offset",30,0,0,0,"CS",48,5.75,2,16.9,1,102,102,"202409130216","20180312","X","Y"
"GNC","56757","Meijer Permanent Pallet Display",0,0,0,0,"CS",58,50,48,335,1,1,1,"202409130216","20190214","C","Y"
"GNC","56018","Grocery Boat Table-ships on pallet",63,0,0,1,"CS",48,42,24,40,1,1,1,"202409130216","20170217","A","Y"
"GNC","56824","Valentine's Day WM End Cap Dress Up Kit (1 Per)",0,0,0,0,"CS",30.125,10.75,1,3,1,124,124,"202409130216","20190606","C","N"
"GNC","56723","Christmas 8ft Focal Point (1 Per Case)",0,0,0,0,"CS",48,32.5,9.25,42,1,4,4,"202409130216","20181115","C","Y"
"GNC","56950","Extra Refreshers Gravity Fed Pole Dispenser",0,0,0,0,"CS",22,11.4,6.3,4.5,1,25,25,"202409130216","20190731","C","Y"
"GNC","57007","Halloween BHOTB Castle with NFL Overlay (1 Per Case)",0,0,0,0,"CS",48,32,9.5,42,1,4,4,"202409130216","20190516","C","Y"
"GNC","57061","Retail Grocery MM Mega Chute Bracket",0,0,0,0,"CS",16,4,4,3.23,1,200,200,"202409130216","20190611","C","Y"
"GNC","57053","2020 Performance Reward Contracts (incl. Secondary Display)",0,0,0,0,"PK",14.5,8.5,.0625,.32,120,2400,20,"202409130216","20190620","C","Y"
"GNC","56928","Walmart 4 Way Tablet Top Acrylic Tray",0,0,0,0,"CS",20.5,9,8,5,1,54,54,"202409130216","20190729","C","Y"
"GNC","56877","Christmas Open Up the Holidays Small Pop Up (1 Per Case)",0,0,0,0,"CS",48,16.813,3.188,9,1,26,26,"202409130216","20190813","C","Y"
"GNC","57003","Red White & Blue Two Sided Floorstand",0,0,0,0,"CS",48,18.875,2.875,10,1,28,28,"202409130216","20191021","C","N"
"GNC","56987","M&M's Fudge Brownie Mod Pod stepped ( 10 pack )",0,0,0,0,"PK",10,9.5,1.875,.55,20,320,16,"202409130216","20200224","C","Y"
"GNC","57348","M&M Fudge Brownie 4 Way Topper (1PK)",0,0,0,0,"CS",27,5,1,5,1,23,23,"202409130216","20200325","C","Y"
"GNC","56975","Skittles Dips Counter Display (5 pack)",0,0,0,0,"CS",14,1.875,1,1,1,252,252,"202409130216","20191211","C","Y"
"GNC","57222","Snickers White Singles  KD Innovation",0,0,0,0,"PK",16,10,10,1.16,16,352,22,"202409130216","20191120","C","Y"
"GNC","57410","Hand Sanitizer (6/Case)",0,0,0,0,"PK",9,6,3,.88,4,840,210,"202409130216","20200706","C","Y"
"GNC","57214","Twix Cookies and Crme Share KD Innovation",127,0,0,0,"PK",10.25,7.75,2.75,1.81,8,256,32,"202409130216","20191126","C","Y"
"GNC","57167","Kroger Power Wing Attachment Knife Bracket",601,0,0,0,"CS",14.125,4.5,3,3,1,264,264,"202409130216","20191016","C","Y"
"GNC","57221","Starburst Gum Hero KD Innovation",160,0,0,0,"PK",6.125,3.875,2.375,.64,24,960,40,"202409130216","20191126","C","Y"
"GNC","57268","Valentines End Cap Dress Up Kit",0,0,0,0,"CS",49,1,1,1,1,140,140,"202409130216","20200103","C","Y"
"GNC","56977","Skittles Dips Hex Bin - Skittles ( 1 Case )",0,0,0,0,"CS",31,6,1.563,6,1,26,26,"202409130216","20191202","C","Y"
"GNC","57137","Halloween / Christmas Large Seasonal Dump Bin",0,0,0,0,"CS",40.75,33,3.375,12,1,12,12,"202409130216","20190920","C","Y"
"GNC","57066","Easter Baking Small Pop Up (1 Per Case)",0,0,0,0,"CS",48,9,3.188,9,1,26,26,"202409130216","20191205","C","Y"
"GNC","57457","7-11 Standard Size Promo POP update 135040 2/$3",0,0,0,0,"EA",15.75,2.5,.1,.01,2000,18000,9,"202409130216","20200701","C","Y"
"GNC","57512","NOT IN USE",0,0,0,0,"CS",45.375,10.786,2.625,1.8,6,192,32,"202409130216","20201104","C","N"
"GNC","56992","Snickers NFL Small Pop Up with Helmet Header  ( 1 Case )",0,0,0,0,"CS",48,9,3.188,9,1,26,26,"202409130216","20200901","C","Y"
"GNC","57261","NFL/Halloween Bridge (1 Per Case)",0,0,0,0,"CS",48,42,9.5,42,1,4,4,"202409130216","20200604","C","Y"
"GNC","57515","Snickers Peanut Brownie Single - Knockdown Box (20PK)",0,0,0,0,"PK",10,5,2.25,2,10,800,80,"202409130216","20201120","C","Y"
"GNC","57330","M&M Messages Dump Bin (1 per case)",0,0,0,0,"CS",40.75,11,2.875,11,1,14,14,"202409130216","20201201","C","Y"
"GNC","57442","Extra Gum Bottles End Cap Dress Up",0,0,0,0,"CS",38,2,2,2,1,84,84,"202409130216","20200803","C","Y"
"GNC","57482","D-Tape 2314 - 3 inch - 25 Pack",0,0,0,0,"CS",23,20.5,13,.04,493,493,1,"202409130216","20200902","C","Y"
"GNC","57453","X-Large Vinyl Gloves 100/box",0,0,0,0,"PK",9,5,2.5,1.7,10,10,1,"202409130216","20200922","C","Y"
"GNC","57864","BJ's Halloween Pallet Skirts (5PK)",0,0,0,0,"CS",46,25,5,25,1,9,9,"202409130216","20220817","C","Y"
"GNC","57852","Q3 4 Way Refresh (5PK)",0,0,0,0,"CS",52,30,3,30,1,80,80,"202409130216","20220721","C","Y"
"GNC","57685","Multibranded Countertop Ice Cream Cooler",646,0,0,0,"CS",57.6,27.4,15.4,57.6,1,9,9,"202409130216","20210710","C","Y"
"GNC","57773","Christmas Bridge Walmart",260,0,0,0,"CS",48,42,9.5,42,1,4,4,"202409130216","20220929","C","Y"
"GNC","57833","Ice Cream Cooler Stand Only - No Shelves/No Pegs",0,0,0,0,"CS",27,25,21.5,21.5,1,12,12,"202409130216","20220628","C","Y"
"GNC","57847","PRP 2023 Performance Rewards Brochure",0,0,0,0,"EA",17.25,11.25,1,.23,130,6240,48,"202409130216","20220602","C","Y"
"GNC","57693","Walmart SNK DK ALM - OPF - 1C Direct (Aug/5PK) 1058155-1",0,0,0,0,"EA",30.375,20.1875,1.125,1.39,1,1,1,"202409130216","20210721","C","N"
"GNC","57690","Walmart SNK DK ALM - 30 Tray- Litho",0,0,0,0,"EA",57.5,36.5,.125,1.45,1,1,1,"202409130216","20210721","C","N"
"GNC","57335","Never Stop Summering Counter Pod - Overlay  (10 PK)",0,0,0,0,"PK",13.5,9.25,.25,.84,35,1120,32,"202409130216","20210312","C","Y"
"GNC","57825","GPM Panel Clip for Generic Side Wing",0,0,0,0,"CS",32.375,5,3.25,5,1,39,39,"202409130216","20220421","C","N"
"GNC","57738","Halloween - Large Pop Up 1PK",279,0,0,0,"CS",49.5,17.5,3.75,17.5,1,11,11,"202409130216","20220512","C","Y"
"GNC","57627","POS Gum Specific Counter POD 5PK",50,0,0,0,"CS",14,1.875,1,1,1,252,252,"202409130216","20210528","C","Y"
"GNC","57060","Circle K 3 Tier Counter Display",20,0,0,0,"CS",17.25,14.25,8,8,1,24,24,"202409130216","20220920","C","Y"
"GNC","57613","NFL/Halloween 2021 Bridge with End Cap Kit  - WM",0,0,0,0,"CS",48,46,10.5,46,1,4,4,"202409130216","20210607","C","Y"
"GNC","57717","PPE Cut Glove Pair - Kyorene Pro - XL",230,0,0,0,"EA",9.8,3.9,.25,.1,50,1250,25,"202409130216","20230629","C","Y"
"GNC","57585","M&M's Album Art Dump Bin with Header - 1 Per Case",889,0,0,0,"CS",40.75,11,2.875,11,1,14,14,"202409130216","20211228","C","Y"
"GNC","57687","Walmart Christmas Mini Tubes Chute - Corrugate",453,0,0,0,"CS",24,6,2,6,1,80,80,"202409130216","20210923","C","Y"
"GNC","57713","Twix Salted Caramel Front End Cap Kit (1PK)",0,0,0,0,"CS",4,1,1,1,1,1000,1000,"202409130216","20210929","C","Y"
"GNC","57748","Combos Small Pop up 1PK",1,0,0,0,"CS",48,9,3.188,9,1,26,26,"202409130216","20211229","C","Y"
"GNC","57665","Twix Salted Caramel - Counter Pod Overlay - 10PK",0,0,0,0,"PK",1,1,1,.49,60,1920,32,"202409130216","20211005","C","Y"
"GNC","57720","Cinnamon Bun Front End Cap Kit (1PK)",0,0,0,0,"CS",4,2,1,2,1,1250,1250,"202409130216","20210913","C","Y"
"GNC","57812","Halloween Hex Bin No Header - DG",50,0,0,0,"CS",31,6,1.563,6,1,31,31,"202409130216","20220525","C","Y"
"GNC","57607","Boat Table - Boat Table",0,0,0,0,"CS",39.5,35.937,18,18,1,8,8,"202409130216","20211028","C","Y"
"GNC","57821","Kroger Standard 4-Way Graphics (2 Per) (HSY Size)",7,0,0,0,"CS",50,17,3,3,1,170,170,"202409130216","20220705","C","Y"
"GNC","58037","Halloween Mini House",120,0,0,0,"CS",46.25,35,10.75,35,1,6,6,"202409130216","20240603","C","Y"
"GNC","58031","Halloween Hex Bin no Header - CVS",0,0,0,0,"CS",31,6,1.563,6,1,31,31,"202409130216","20240103","C","N"
"GNC","58027","Halloween Small Pop up -1PK",1032,0,0,0,"CS",48,9,3.188,9,1,26,26,"202409130216","20240429","C","Y"
"GNC","58012","2024 Performance Reward Contracts HQ",0,0,0,0,"PK",12,8.75,1,1.11,36,432,12,"202409130216","20230703","C","Y"
"GNC","57787","Twix Cookie Dough - Powerwing ( 1 Pack )",1110,0,0,0,"CS",27.25,5,4.125,5,1,30,30,"202409130216","20221104","C","Y"
"GNC","57981","PB Minis/Mega and Skittles Littles - Power wing 2PK",822,0,0,0,"CS",27.25,6,4.125,6,1,30,30,"202409130216","20240122","C","Y"
"GNC","57878","Easter Focal Point",79,0,0,0,"CS",48,24,5,24,1,11,11,"202409130216","20221206","C","Y"
"GNC","57986","Orbit Spring Moment - Skinny Hex Bin",805,0,0,0,"CS",33,5,2,5,1,48,48,"202409130216","20240209","C","Y"
"GNC","57814","7-11 Gum Slat Wall Shelving",1282,0,0,0,"CS",9,8,2,2,1,180,180,"202409130216","20230519","C","Y"
"GNC","57985","Super Bowl - Field Goal Post with Large Dump Bin",810,0,0,0,"CS",46,15,7,15,1,6,6,"202409130216","20231020","C","Y"
"GNC","57947","Kroger PDQ Tray 1 Facing - 10PK",4909,0,0,0,"CS",18.75,2.625,2,2,1,150,150,"202409130216","20230125","C","Y"
"GNC","57934","Kroger Purple 4 Way Large Panel",0,0,0,0,"CS",50,18,1,3,1,318,318,"202409130216","20230112","C","Y"
"GNC","57794","Summering M&M Summer Moment/Skittles - Counter Pod Overlay (",1446,0,0,0,"PK",13.5,9.5,1,.59,50,1600,32,"202409130216","20230217","C","Y"
"GNC","57971","M&M's/Skittles Capture the Color Powerwing",719,0,0,0,"CS",27.25,5,4.125,5,1,30,30,"202409130216","20231004","C","N"
"GNC","57960","Starburst Minis Fave Reds - Peg Card (25PK)",644,0,0,0,"PK",6,4,.25,.05,200,200,1,"202409130216","20231204","C","Y"
"GNC","57940","AAFES 3 Sided Endcap Signage Refresh 2",0,0,0,0,"CS",60.5,33,8.5,33,1,20,20,"202409130216","20221109","C","N"
"GNC","57880","Easter - End Cap",388,0,0,0,"CS",47.75,10,1.125,10,1,32,32,"202409130216","20221219","C","Y"
"GNC","58079","Halloween Street Lamp Pallet Topper with Base",641,0,0,0,"CS",38.5,8,2.5,8,1,14,14,"202409130216","20240603","C","Y"
"GNC","57951","Menards PB Minis - Skittles Littles Chute",27,0,0,0,"CS",48,12,9,12,1,12,12,"202409130216","20231031","C","Y"
"GNC","58011","Walgreens 4 Sided Floorstand Spinner - carton 1/2. (packed w",98,0,0,0,"CS",47,44,17.5,47,1,6,6,"202409130216","20240503","C","Y"
"GNC","24926","2025 Brochure Performance Reward Program",10194,0,0,0,"EA",12,9,1,.3,110,7700,70,"202409130216","20240624","C","Y"
"GNC","28259","Mars Wrigley Queue System",10,0,0,0,"CS",40,48,63,524,1,1,1,"202409130216","20240809","A","Y"
"GNC","57975","SNICKERS PECAN COUNTER POD OVERLAY (10PK)",1526,0,0,0,"PK",13.5,9.31,.25,.45,48,1584,33,"202409130216","20240809","A","Y"
"GNC","56722","Wrigley Brands (5 STICK) Gen Kd Box w/Out of Stock Message",656,0,0,0,"PK",9.625,5.875,.375,.2,50,6750,135,"202409130216","20181002","C","Y"
"GNC","52532","Tag Wizard Labels (1000 sheets per case)",25,0,0,0,"CS",12.08,9.3,.314,.65,1,20,20,"202409130216","20240416","C","Y"
"GNC","52848","Large Pop Up",3,0,0,0,"CS",60,29.75,4.25,19.5,1,11,11,"202409130216","20170203","A","Y"
"GNC","56422","Twix & Coffee Crack Back Counter Unit (1 Each)",3780,0,0,0,"EA",19.375,9.5,.125,.5,50,1600,32,"202409130216","20191217","C","Y"
"GNC","56423","Twix & Coffee Dangler (10 Pack)",74,0,0,0,"PK",6,4.6,.1,.1,350,16800,48,"202409130216","20191217","C","Y"
"GNC","52912","Peg Hook Extender -10  length - 10 per case",611,0,0,0,"CS",20,12,4.5,11,1,66,66,"202409130216","20210407","C","Y"
"GNC","56737","Lane Blocker",0,0,0,0,"CS",52,30,21.25,80,1,1,1,"202409130216","20220726","C","Y"
"GNC","WC0331","8 Heavy Duty all wire stem hook",61,0,0,0,"PK",9.5,2.5,1.5,2.72,15,105,7,"202409130216","20220110","C","Y"
"GNC","56411","Combos Floor Stand",143,0,0,0,"CS",76.7717,51.1811,43.3071,33.07,1,8,8,"202409130216","20180719","C","Y"
"GNC","WR1015","Channel Strips - 4ft Black",37,0,0,0,"CS",18.5,14.5,12.5,3.25,1,126,126,"202409130216","20180906","X","Y"
"GNC","WC0037","4FT SUP (Stand up pouch) DISPLAY",125,0,0,0,"CS",52,13,8,14,1,17,17,"202409130216","20191217","X","Y"
"GNC","WR0940","Channel Strips - 4ft Clear",2,0,0,0,"CS",19,14.25,12.5,30.4,1,24,24,"202409130216","20180629","X","Y"
"GNC","56845","Lifesaver Gummies Coll Peg Card (25/Pack)",2016,0,0,0,"PK",6,4,.125,.25,200,400,2,"202409130216","20231204","C","Y"
"GNC","56862","Circle K Ice Cream Cooler Rack Graphic Set",0,0,0,0,"CS",37,17,1,2,1,20,20,"202409130216","20190208","C","Y"
"GNC","56834","Rodeo Half Pallet Dress Up Kit (1 Set Per)",0,0,0,0,"CS",43.563,23.25,3.625,10,1,11,11,"202409130216","20190213","C","Y"
"GNC","56872","KD BOX Starburst All Pink",0,0,0,0,"PK",9.44,7.5,1.75,.88,10,450,45,"202409130216","20190226","C","Y"
"GNC","56125","Character Entrance - Basket Dislpay-ships on pallet",70,0,0,0,"CS",40.1575,29.9213,28.7402,50,1,1,1,"202409130216","20191021","C","Y"
"GNC","56911","Pepsi Spring Headers - M&M Bags",0,0,0,0,"CS",31,7.5,1,1,1,700,700,"202409130216","20190227","C","Y"
"GNC","56956","Replacement Brackets for #56796 Menards Meaga Tube Chute-Set",0,0,0,0,"CS",18.5,5.5,5,3,1,5,5,"202409130216","20190329","C","Y"
"GNC","56814","Tablet Clip Strips - M&M/Dove (10/Pack)",0,0,0,0,"PK",28.31,5,1,.25,40,360,9,"202409130216","20191021","C","N"
"GNC","56813","Tablet Clip Strips - M&M/Dove (40/Pack)",0,0,0,0,"PK",29.438,12.625,2.188,10,1,45,45,"202409130216","20190104","C","N"
"GNC","56590","Grab and Go Graphic Kits",16,0,0,0,"CS",56,21,7,40,1,50,50,"202409130216","20190805","C","Y"
"GNC","56843","Lifesaver Gummies 5 Flavor Peg Card (25/Pack)",1872,0,0,0,"PK",6,4,.125,.25,200,400,2,"202409130216","20231204","C","Y"
"GNC","56999","M&M Hazelnut Clip Strip (10PK)",0,0,0,0,"PK",25.75,5,.25,.25,40,120,3,"202409130216","20190522","C","Y"
"GNC","57014","4 Way Refresh Kit",0,0,0,0,"CS",52,17,2,9,1,201,201,"202409130216","20191021","C","N"
"GNC","57018","Focus Gum Checkout Header (1PK)",0,0,0,0,"CS",31,8,1,.5,1,700,700,"202409130216","20191021","C","N"
"GNC","57051","2020 Performance Rewards Brochure",0,0,0,0,"EA",11,8.5,.0625,.08,375,30000,80,"202409130216","20190621","C","Y"
"GNC","56832","BJ's Price Sign Dress Up Card (Store test)",0,0,0,0,"CS",13,5,1,1,1,192,192,"202409130216","20190813","C","N"
"GNC","56879","Christmas Open Up the Holidays Dump Bin with Topper (1 Per C",17,0,0,0,"CS",36.5,32.375,2.375,7.5,1,17,17,"202409130216","20190923","C","Y"
"GNC","56881","Christmas Open Up the Holidays Novelty Display (1 Per Case)",0,0,0,0,"CS",33.5,31.166,9.625,25,1,4,4,"202409130216","20190903","C","Y"
"GNC","57280","NASCAR Large Pop Up with Car Dress Up Kit & Championship Hea",0,0,0,0,"CS",49.5,26.3,4.813,26.3,1,8,8,"202409130216","20200114","C","N"
"GNC","57100","MMX 1906 119 Tent for Lucas World",0,0,0,0,"CS",61,53,9.5,53,1,5,5,"202409130216","20191016","C","Y"
"GNC","56988","M&M's Fudge Brownie Counter Display 5 pack( 5 Case )",0,0,0,0,"CS",14,1.875,1,1,1,252,252,"202409130216","20200224","C","Y"
"GNC","57332","Extra Refresher End Cap Kit",0,0,0,0,"CS",31,1,1,1,1,330,330,"202409130216","20200220","C","Y"
"GNC","56959","Super bowl Small Pop Up With Helmet Header (1 Case )",0,0,0,0,"CS",48,9,3.188,9,1,26,26,"202409130216","20191104","C","Y"
"GNC","56961","Superbowl Dump Bin with Field Goal Post -NEW- ( 1 Case )",0,0,0,0,"CS",38,12,6.625,12,1,6,6,"202409130216","20191113","C","Y"
"GNC","57224","M&M Fudge Brownie Share KD Innovation",435,0,0,0,"PK",12.25,6.1875,2.75,2.48,8,288,36,"202409130216","20191126","C","Y"
"GNC","57187","Pilot Counter Display",0,0,0,0,"CS",33,26,18,26,1,4,4,"202409130216","20200409","C","Y"
"GNC","57347","Fudge Brownie Balloons (4PK)",0,0,0,0,"PK",22,20,1,.18,365,1825,5,"202409130216","20200428","C","Y"
"GNC","57225","M&M Fudge Brownie Single KD Innovation",0,0,0,0,"PK",12,12,10,1.75,8,288,36,"202409130216","20191121","C","Y"
"GNC","57193","Kinds Contracts",0,0,0,0,"PK",14,8.5,.125,.4,160,3840,24,"202409130216","20191015","C","Y"
"GNC","56963","KIND Bark Clipstrip (5 pack)",0,0,0,0,"CS",25.75,15.875,13.125,.9,1,144,144,"202409130216","20190918","C","Y"
"GNC","56966","KIND Bark Aisle Blades ( 4 Case )",0,0,0,0,"CS",24.625,12.625,1.688,1.52,1,100,100,"202409130216","20190918","C","Y"
"GNC","57278","NASCAR Championship Danglers (with D-Tape)",0,0,0,0,"PK",6,4.5,.1,.12,280,13440,48,"202409130216","20200120","C","Y"
"GNC","57443","Social Distancing Floor Decals for C-Stores",0,0,0,0,"PK",16,16,2,2,1,360,360,"202409130216","20200811","C","Y"
"GNC","57502","POS Gum Specific Counter Pods",0,0,0,0,"CS",17.75,11.5,12.5,1,1,252,252,"202409130216","20201023","C","Y"
"GNC","57310","Snickers Brownie Dangler 10 Pack",0,0,0,0,"PK",.1,.1,.1,.1,350,16800,48,"202409130216","20201031","C","Y"
"GNC","57507","M&M Fudge BrownieTwo Side Floorstand Header",0,0,0,0,"CS",22,16,.5,10,1,350,350,"202409130216","20201113","C","Y"
"GNC","57270","Mars Grocery Multi Segment 1 sided Floorstand",56,0,0,0,"CS",35,27.375,9.125,35,1,15,15,"202409130216","20200526","C","Y"
"GNC","57433","Snickers Cooler Rack (1-Pack)",53,0,0,0,"CS",20,6,2,2,1,112,112,"202409130216","20200617","C","Y"
"GNC","57493","Innovation KD Box - Refresher Berry Mix / Mint Mix (20PK)",0,0,0,0,"PK",1,1,1,.83,12,540,45,"202409130216","20201207","C","Y"
"GNC","57490","Innovation Knockdown Boxes - Orbit Peppermint Mega & Orbit S",0,0,0,0,"PK",4.5,4.5,2.25,.5,20,1600,80,"202409130216","20201120","C","Y"
"GNC","57501","POS Gum Specific Blades",0,0,0,0,"EA",1,1,1,1.67,60,1920,32,"202409130216","20210325","C","Y"
"GNC","57526","Valentines Day End Cap Kit - WM",0,0,0,0,"CS",49,10,2,2,1,400,400,"202409130216","20210108","C","Y"
"GNC","57436","Orbit Clip strip - CVS (2 Pack)",0,0,0,0,"PK",17.1875,5.375,.75,.48,33,396,12,"202409130216","20200806","C","N"
"GNC","57440","BJ's Halloween 2020 Pallet Skirts (3 Per Case)",0,0,0,0,"CS",40,5,3,5,1,14,14,"202409130216","20200807","C","Y"
"GNC","57467","Christmas End Cap Kit - WM",0,0,0,0,"CS",49,3,1,3,1,205,205,"202409130216","20200910","C","Y"
"GNC","57489","Mars Wrigley P6 EXTRA Gum POS",0,0,0,0,"EA",16,2.5,.001,0,2711,2711,1,"202409130216","20200911","C","Y"
"GNC","57431","Sanitizing Wipes (48 packs of 10 pouches)",0,0,0,0,"CS",12,9,6.5,6.5,1,180,180,"202409130216","20200707","C","Y"
"GNC","57778","Christmas Dump Bin No Topper - CVS",0,0,0,0,"CS",31,6,1.563,6,1,31,31,"202409130216","20220919","C","Y"
"GNC","57768","Christmas Small Pop Up - Yard",326,0,0,0,"CS",48,9,3.188,9,1,26,26,"202409130216","20220929","C","Y"
"GNC","57862","Shelf Graphic Kit for 57598 4 Tier Share Size 2.0",2725,0,0,0,"PK",11,8.5,.1,.04,450,2250,5,"202409130216","20220804","C","Y"
"GNC","57863","Harris Teeter Mini 4 Way Pallets (No Graphics)",0,0,0,0,"EA",46.75,38,37.5,205,1,1,1,"202409130216","20220830","C","Y"
"GNC","57741","Halloween - Counter Pod Overlay 10PK",70,0,0,0,"PK",13.5,9.5,1,.39,75,2400,32,"202409130216","20220602","C","Y"
"GNC","57694","Walmart SNK DK ALM - Retail Instruction Sheet - 8 1/2 X 11 (",0,0,0,0,"EA",11,8.5,.004,.04,1,1,1,"202409130216","20210721","C","N"
"GNC","57740","Halloween - Spooky Tree",0,0,0,0,"CS",58.25,13,2.125,13,1,20,20,"202409130216","20220614","C","N"
"GNC","57566","36in Queue Round Base Display",2,0,0,0,"CS",86.5,48.5,14.5,86.5,1,10,10,"202409130216","20210205","C","Y"
"GNC","57317","M&M's Mix Counter Pod - Overlay (10Pk )",0,0,0,0,"PK",15,12,12,.33,90,2880,32,"202409130216","20210220","C","Y"
"GNC","57540","LFSG Neons Peg Cards (25PK)",1069,0,0,0,"PK",6,4,.125,.21,240,480,2,"202409130216","20230822","C","Y"
"GNC","57542","LFSC Sours Peg Cards (25PK)",0,0,0,0,"PK",6,4,.125,.07,150,150,1,"202409130216","20210331","C","Y"
"GNC","57622","Q2 4 Way Refresh 2021 (10PK)",0,0,0,0,"CS",52,30,3,30,1,80,80,"202409130216","20210416","C","Y"
"GNC","57686","Walmart Christmas Power Wing",624,0,0,0,"PK",32.375,15.5,3.25,5,1,39,39,"202409130216","20210923","C","Y"
"GNC","57745","Albertson Easter End Cap Kit",0,0,0,0,"CS",48,2.5,1.88,2.5,1,68,68,"202409130216","20211210","C","Y"
"GNC","57583","Nascar Small Pop Up with Standee - 1 Per Case",0,0,0,0,"CS",48,14,3.375,14,1,12,12,"202409130216","20220104","C","Y"
"GNC","57598","4 Tier Share Size Rack 2.0",10585,0,0,0,"CS",23.5,10.5,10,10,1,24,24,"202409130216","20220113","C","Y"
"GNC","57702","Skittles Sour Gummies - Peg Card (25PK)",1060,0,0,0,"PK",6,4,.25,.1,350,3500,10,"202409130216","20211116","C","Y"
"GNC","57831","Kroger Standard 4-Way",153,0,0,0,"CS",280,53,49,280,1,1,1,"202409130216","20220705","C","Y"
"GNC","58028","Halloween Large Pop up 1PK",240,0,0,0,"CS",49.5,17.5,3.75,17.5,1,11,11,"202409130216","20240528","C","Y"
"GNC","57806","Snicker/NFL - Goal Post with Large Dump Bin ( 1 Per Case )",75,0,0,0,"CS",38,12,6.625,9.05,1,6,6,"202409130216","20230616","C","Y"
"GNC","57912","Replacement Labels for 4F 57598",3520,0,0,0,"CS",27,2,1,2,1,500,500,"202409130216","20230105","C","Y"
"GNC","58000","Walmart Wave 3 4-Way Panels",245,0,0,0,"CS",52,30,3,30,1,100,100,"202409130216","20230808","C","Y"
"GNC","58075","Walmart Wave 1 4 Way Panels",143,0,0,0,"CS",56,22,2,22,1,40,40,"202409130216","20240119","C","Y"
"GNC","57933","Horizontal Cooler Unit - New artwork",337,0,0,0,"PK",22.6,5.5,5.02,2.75,8,144,18,"202409130216","20230306","C","Y"
"GNC","57900","EBA Purple PDQ Tray",138,0,0,0,"CS",19.5,2,1.125,2,1,148,148,"202409130216","20221116","C","Y"
"GNC","57881","Easter - Innovation-Floor stand Dump Bin",30,0,0,0,"CS",33.75,8,4.625,8,1,18,18,"202409130216","20221205","C","Y"
"GNC","57790","M&M's Character EBA(Purple) - Powerwing ( 2 Pack )",716,0,0,0,"CS",27.25,6,4.125,6,1,30,30,"202409130216","20221205","C","Y"
"GNC","58003","SuperBowl Small Pop Up no Header",206,0,0,0,"CS",48,9,3.188,9,1,26,26,"202409130216","20231026","C","Y"
"GNC","57807","Extra Spring Gum Moment - Powerwing ( 1 Pack )",1531,0,0,0,"CS",27.25,6,4.125,6,1,30,30,"202409130216","20230224","C","Y"
"GNC","57959","Lifesaver Gummies Sour Peg 7oz - Peg Card (25PK)",1095,0,0,0,"PK",6,4,.25,.05,200,200,1,"202409130216","20231204","C","Y"
"GNC","57939","Mars Display-Case Ready Gum Peppermint",53426,0,0,0,"EA",11,6,.2,.07,225,6750,30,"202409130216","20221209","C","Y"
"GNC","58064","M&MPeanut Butter Mega - Dangler (10PK )",47,0,0,0,"PK",6,4.5,.1,.1,350,16800,48,"202409130216","20231122","C","Y"
"GNC","58097","Walgreens 4 Sided Floorstand Spinner (Shelfs & Pegs)",98,0,0,0,"CS",37.8,19,7.8,19,1,27,27,"202409130216","20240503","C","Y"
"GNC","52696","7/9/14 FLX Fixed Shelf",1779,0,0,0,"CS",19,8.25,4.5,2.2,1,100,100,"202409130216","20170209","A","Y"
"GNC","52829","Wheel Kit For Large Pop Up",315,0,0,0,"CS",32,19.25,8.5,8.43,1,10,10,"202409130216","20170209","A","Y"
"GNC","52724","Snickers Inside/Outside Cooler Display",2556,0,0,0,"CS",18,11,8,5.7,1,32,32,"202409130216","20170202","A","Y"
"GNC","56713","Halloween 2018 Walmart End Cap Dress Up Kits (1 Per Case)",0,0,0,0,"CS",31.5,22.75,2.313,4.5,1,36,36,"202409130216","20190325","C","N"
"GNC","56649","Standard 4 way Full",12,0,0,0,"CS",53,48,48,280,1,1,1,"202409130216","20180731","C","Y"
"GNC","56762","Holiday End Cap Dress Up Kit - Walmart (1 Per Case)",0,0,0,0,"CS",31.75,23,2.313,4,1,36,36,"202409130216","20190621","C","N"
"GNC","WC0464","Altoids Arctic KD Box w/Out of Stock Message",703,0,0,0,"PK",5.625,3.873,2.75,.6,10,600,60,"202409130216","20180430","C","Y"
"GNC","WC0327","Clear Reorder Chips - 3  x 1.25 ",1157,0,0,0,"PK",3,2.75,1.25,.5,12,1572,131,"202409130216","20190104","X","Y"
"GNC","WC0329","Lifesavers 12 station clip strip",96,0,0,0,"CS",32.125,6,3,5,1,112,112,"202409130216","20160120","C","Y"
"GNC","WC0482","Starburst Gummies Share Size Pouches KD Box",1089,0,0,0,"PK",10,7.5,2.25,1.4,10,500,50,"202409130216","20180430","C","Y"
"GNC","56833","Rodeo End Cap & 4 Way Dress Up Kit",0,0,0,0,"CS",47.875,31.625,2.813,10,1,15,15,"202409130216","20190606","C","N"
"GNC","56835","Rodeo Full Pallet Dress Up Kit (1 Set Per)",0,0,0,0,"CS",43.563,17.688,3.625,10,1,22,22,"202409130216","20190213","C","Y"
"GNC","56871","KD BOX Mega Pack 5 Cobalt",0,0,0,0,"PK",4.94,3.375,1.75,.39,20,1600,80,"202409130216","20190226","C","Y"
"GNC","56817","M&M Tablet In Aisle Shelf Kit (1 set/Pack)",0,0,0,0,"CS",20.5,8.25,2.25,.96,1,198,198,"202409130216","20191021","C","N"
"GNC","56818","Dove Tablet In Aisle Shelf Kit (1 set/Pack)",0,0,0,0,"CS",20.5,8.25,2.25,.96,1,198,198,"202409130216","20191021","C","N"
"GNC","56907","Pepsi Spring Headers - M&M Tablet",0,0,0,0,"CS",31,7.5,1,1,1,700,700,"202409130216","20190227","C","Y"
"GNC","56763","4 Tier Modular Share size",0,0,0,0,"CS",18,14.17,13.77,7,1,18,18,"202409130216","20190111","C","Y"
"GNC","56945","Old 8T Sticker Replacement Set",0,0,0,0,"PK",8.5,5.5,.1,.18,180,720,4,"202409130216","20190405","C","Y"
"GNC","56148","53  Self Checkout Rack",53,0,0,0,"CS",53.5,27,6,54,1,4,4,"202409130216","20200316","C","Y"
"GNC","52297","Mars/Wrigley Theater Rack",106,0,0,0,"CS",60.25,27,11,60.5,1,4,4,"202409130216","20171208","C","Y"
"GNC","56815","Kind KD box",0,0,0,0,"CS",9,7,5,5,1,625,625,"202409130216","20181228","C","Y"
"GNC","56553","Endcap Sidekick-Generic",163,0,0,0,"CS",62,17.375,8,26,1,12,12,"202409130216","20191217","C","Y"
"GNC","56735","Peek A Boo PDQ Tray - Walmart (6 Per Case)",0,0,0,0,"CS",40,31.75,2.25,12,1,18,18,"202409130216","20190104","C","Y"
"GNC","56417","Skittles/Starburst Two Sided Floorstand (1 Per Case)",1103,0,0,0,"CS",48,18.875,2.875,10,1,28,28,"202409130216","20190107","C","Y"
"GNC","56811","M&M Tablet End Cap Kits (1 Per Case)",0,0,0,0,"CS",47.75,38.875,1.063,10,1,41,41,"202409130216","20191021","C","N"
"GNC","56828","Made in Topeka Dangler (10 Pack)",184,0,0,0,"PK",6,4.5,.1,.1,350,700,2,"202409130216","20181228","C","Y"
"GNC","56816","M&M/Dove Tablet Protective Bollards (4 Per Shipper)",0,0,0,0,"CS",54.5,16.5,2.5,10.22,1,35,35,"202409130216","20191021","C","N"
"GNC","56840","Combos Jalapeno Cheddar Peg Card (25/Pack)",307,0,0,0,"PK",6,4,.125,.15,325,650,2,"202409130216","20190130","C","Y"
"GNC","57098","Walmart Gum PDQ Tray Project",0,0,0,0,"CS",48,36.25,2.625,13,1,16,16,"202409130216","20190724","C","Y"
"GNC","56820","Halloween BHOTB Shelf Strips (1 Roll)",0,0,0,0,"PK",24,1.25,.14,.13,78,624,8,"202409130216","20190516","C","Y"
"GNC","56918","Kroger 4 Way Seasonal 2 sided Graphic Panels",0,0,0,0,"CS",50,17,1,7,1,2,2,"202409130216","20190603","C","Y"
"GNC","57079","Extra Refreshers Shelf Talker",0,0,0,0,"PK",6.375,2.375,1,.37,300,600,2,"202409130216","20191021","C","N"
"GNC","57019","Halloween Walmart End Cap Kit",0,0,0,0,"CS",31,20,2,3,1,50,50,"202409130216","20190606","C","Y"
"GNC","57077","M&M Mini's Ice Cream Toppings KD Box",0,0,0,0,"PK",10.5,5.375,1.5,.59,16,960,60,"202409130216","20190716","C","Y"
"GNC","56647","Kroger Theater Box Wire Power Wing",91,0,0,0,"CS",45.625,14.81,7.625,11,1,15,15,"202409130216","20190624","C","Y"
"GNC","57059","3 ft. SUP Wire Shelf",48,0,0,0,"CS",37,14,8,11,1,21,21,"202409130216","20190710","C","Y"
"GNC","56930","Walmart 4 Way Tablet PDQ Tray - M&M/Dove Brands",0,0,0,0,"CS",19.625,17.625,1.813,10,1,92,92,"202409130216","20190501","C","Y"
"GNC","57283","Easter End Cap Kit",0,0,0,0,"CS",47.75,10,1.125,10,1,32,32,"202409130216","20200214","C","Y"
"GNC","57281","NASCAR 2 Sided Floorstand with Championship Header",0,0,0,0,"CS",48,10,2.875,10,1,28,28,"202409130216","20200114","C","N"
"GNC","57274","Easter Small Pop Up (1 Per Case)",0,0,0,0,"CS",48,16.813,3.188,9,1,26,26,"202409130216","20200115","C","Y"
"GNC","56986","M&M's Fudge Brownie 2 Sided Floorstand 1 pack ( 1 Case )",0,0,0,0,"CS",48,10,2.875,10,1,28,28,"202409130216","20200224","C","Y"
"GNC","56990","M&M's Fudge Brownie Character Standee 1pk ( 1 Case )",0,0,0,0,"CS",41.25,35.445,3,3,1,43,43,"202409130216","20200219","C","Y"
"GNC","56982","M&M's RW&B  Hex Bin with Greeter ( 1 Case  )",0,0,0,0,"CS",41.375,7.5,2,7.5,1,21,21,"202409130216","20200316","C","Y"
"GNC","57346","M&M Fudge Brownie End Cap Kit",0,0,0,0,"CS",31,1,1,1,1,375,375,"202409130216","20200317","C","Y"
"GNC","57078","Christmas Bridge - Walmart",0,0,0,0,"CS",48,42,9.5,10,1,4,4,"202409130216","20191009","C","Y"
"GNC","57407","Hand Gloves Size Medium (100/pack)",0,0,0,0,"PK",9,5,2.5,1.7,10,600,60,"202409130216","20200402","C","Y"
"GNC","57223","Snickers White Share KD Innovation",0,0,0,0,"PK",7.75,7.375,2.25,1.41,16,384,24,"202409130216","20191126","C","Y"
"GNC","57042","MMX Christmas Lucas World House",0,0,0,0,"CS",48,30,9.875,30,1,8,8,"202409130216","20191009","C","Y"
"GNC","57413","N95 Face Masks (20/packs)",19,0,0,0,"PK",6.5,5,4.5,.12,50,400,8,"202409130216","20200429","C","Y"
"GNC","57216","Skittles Dips Singles KD Innovation",0,0,0,0,"PK",8.25,6.25,1.75,1.48,8,392,49,"202409130216","20191120","C","N"
"GNC","57217","Skittles Dips Share KD Innovation",0,0,0,0,"PK",8,6.25,1.25,2.32,8,288,36,"202409130216","20191126","C","Y"
"GNC","57231","Superbowl 4 Way Display Topper + Kit",0,0,0,0,"CS",48,10,2,10,1,20,20,"202409130216","20191213","C","Y"
"GNC","57150","Cobranded Mod Pod - M&M/Snickers (20 Per Pack)",6934,0,0,0,"PK",16,13,1,.55,20,320,16,"202409130216","20200102","C","Y"
"GNC","56882","Christmas Open Up the Holidays Bridge (1 Per Case)",0,0,0,0,"CS",48,32,9.5,42,1,4,4,"202409130216","20191002","C","Y"
"GNC","57110","Christmas Celebrations Large Pop Up - Walmart (1 Per Case)",0,0,0,0,"CS",48,25.688,2.5,10,1,16,16,"202409130216","20190918","C","Y"
"GNC","56964","KIND Bark Dangler ( 10 pack )",0,0,0,0,"PK",6,4.5,.1,.09,360,3240,9,"202409130216","20190923","C","Y"
"GNC","57142","Seasonal Dump Bin - Existing Structure",0,0,0,0,"CS",40.75,40,2.875,11,1,14,14,"202409130216","20190923","C","Y"
"GNC","57068","Easter Dove Bunny Skinny Tower (1 Per Case)",0,0,0,0,"CS",44.063,8.27,1.938,8.27,1,21,21,"202409130216","20191209","C","Y"
"GNC","57200","NASCAR Large Pop Up with Dress Up Kit (1 Per Case)",0,0,0,0,"CS",49.5,26.3,4.813,26.3,1,8,8,"202409130216","20191203","C","Y"
"GNC","56972","Orbit Relaunch Skinny Hex Bin (1 Case)",688,0,0,0,"CS",32.625,5,1.75,5,1,48,48,"202409130216","20191213","C","Y"
"GNC","57313","Snickers Brownie Skinny Hex Bin with Greeter",0,0,0,0,"CS",42.75,39.802,8,8,1,24,24,"202409130216","20201030","C","Y"
"GNC","57349","Super Bowl Helmet Counter Bowl 5 Pack",0,0,0,0,"CS",1,1,1,5,1,70,70,"202409130216","20201104","C","Y"
"GNC","56991","Snickers NFL Counter Pod Display ( 5  pack )",0,0,0,0,"PK",14,9.625,1.875,1,1,252,252,"202409130216","20200518","C","Y"
"GNC","57430","Hannaford Peek a Boo Grpahic Kits",0,0,0,0,"CS",47,5,1,5,1,9,9,"202409130216","20200602","C","Y"
"GNC","57263","NFL/Halloween Large Pop Up (1 Per Case)",0,0,0,0,"CS",49.5,17.5,3.75,17.5,1,11,11,"202409130216","20200608","C","Y"
"GNC","57260","Halloween Bridge (1 Per Case)",0,0,0,0,"CS",48,42,9.5,42,1,4,4,"202409130216","20200610","C","Y"
"GNC","57329","M&M Messages Counter Pod Overlays - 10PK",0,0,0,0,"PK",1,1,1,.33,90,2880,32,"202409130216","20201117","C","Y"
"GNC","57497","Innovation KD Box - Skittles Smoothies Singles (20PK)",0,0,0,0,"CS",20,14,12,2,10,360,36,"202409130216","20201120","C","Y"
"GNC","57424","Wegman's Lane Blocker Display",0,0,0,0,"CS",80,27.313,16.25,80,1,1,1,"202409130216","20200727","C","Y"
"GNC","57505","Sanitizer Wipes- 100 per canister",0,0,0,0,"EA",5,7,7,.65,24,960,40,"202409130216","20200929","C","Y"
"GNC","57494","Snickers Nut Brownie Front End Cap",0,0,0,0,"CS",31,2,1,2,1,500,500,"202409130216","20201015","C","Y"
"GNC","57466","KN95 Face Mask 10/pack",34,0,0,0,"PK",6.5,5,4.5,.33,70,1400,20,"202409130216","20200727","C","Y"
"GNC","57612","Halloween 2021 Bridgewith End Cap Kit - WM",0,0,0,0,"CS",48,46,10.5,46,1,4,4,"202409130216","20210618","C","Y"
"GNC","57684","Kind Countertop Ice Cream Cooler",141,0,0,0,"CS",57.6,27.4,15.4,57.6,1,9,9,"202409130216","20210710","C","Y"
"GNC","57857","Kroger Side Wing Rack Graphic Kit",0,0,0,0,"CS",47,3,2,3,1,261,261,"202409130216","20230404","C","Y"
"GNC","57742","Halloween - Mini House",19,0,0,0,"CS",48,34.875,9,34.88,1,4,4,"202409130216","20220603","C","Y"
"GNC","57808","Halloween Mini House - Walmart",191,0,0,0,"CS",46.26,28,6.313,28,1,6,6,"202409130216","20220606","C","Y"
"GNC","57832","Kroger Mini 4-Way",86,0,0,0,"CS",205,46.75,38,205,1,1,1,"202409130216","20220628","C","Y"
"GNC","57708","Extra / 5 Gum Singles Counter Rack",476,0,0,0,"CS",23.25,8,6,6,1,60,60,"202409130216","20230711","C","Y"
"GNC","57488","Easter Innovation - Floorstand with Dump Bin",0,0,0,0,"CS",33.75,8,4.625,8,1,18,18,"202409130216","20210119","C","Y"
"GNC","57535","Snickers Texas Proud End Cap Kit",0,0,0,0,"CS",36,10,2,2,1,260,260,"202409130216","20210119","C","Y"
"GNC","57518","Mars Global ReSpawn 3 Tier Counter Unit",200,0,0,0,"CS",32,2,.25,2,1,80,80,"202409130216","20210130","C","Y"
"GNC","57326","M&M's Mix Small Pop Up",0,0,0,0,"CS",48,9,3.188,9,1,26,26,"202409130216","20210212","C","Y"
"GNC","57606","Rite Aid 3 Tier Bin Insert",0,0,0,0,"CS",19,7,3,3,1,25,25,"202409130216","20220203","C","Y"
"GNC","57573","Skittles Gummies Front End Cap Kit / Shelf Talker",0,0,0,0,"CS",32,5,3,3,1,125,125,"202409130216","20210224","C","Y"
"GNC","57544","Starburst GummiesOriginal Peg Cards (25PK)",0,0,0,0,"PK",6,4,1,.07,150,150,1,"202409130216","20210331","C","Y"
"GNC","57739","Halloween - Street Lamp",994,0,0,0,"CS",48,12,2,12,1,22,22,"202409130216","20220513","C","Y"
"GNC","57791","M&M's Character EBA(Purple) - Small Pop Up ( 1 Per Case )",151,0,0,0,"CS",48,9,3.188,9,1,26,26,"202409130216","20221130","C","Y"
"GNC","57587","M&M's Album Art Power wing - 10PK",0,0,0,0,"PK",32.375,15.5,3.25,5,1,39,39,"202409130216","20220104","C","Y"
"GNC","57664","Skittles Lime Front End Cap Kit (1PK)",0,0,0,0,"CS",32,5,3,3,1,347,347,"202409130216","20210702","C","Y"
"GNC","57668","Extra Walmart Gum Chutes",1114,0,0,0,"CS",24,6,2,6,1,80,80,"202409130216","20210715","C","Y"
"GNC","57704","MM Crunchy Cookie Single - KD Box (20PK)",0,0,0,0,"PK",11.75,5.5875,2.5,1.24,8,320,40,"202409130216","20211116","C","Y"
"GNC","57586","M&M's Album Art  Counter Pod Overlay - 10PK",225,0,0,0,"PK",13,9,.1,.33,90,2880,32,"202409130216","20220118","C","Y"
"GNC","58084","Mars Wrigley Queue System (WRI-0002)",2,0,0,0,"CS",965,68.5,52,965,1,1,1,"202409130216","20240307","C","Y"
"GNC","57887","M&Ms Caramel Cold Brew Single KD Box 20 per pack",400,0,0,0,"PK",12.25,7,2.5,1.49,8,160,20,"202409130216","20221018","C","Y"
"GNC","58018","DG Hex Bin Core",2550,0,0,0,"CS",31,6,1.563,6,1,31,31,"202409130216","20230905","C","Y"
"GNC","57877","Easter Bridge - National - 1PK",47,0,0,0,"CS",48,42,9,42,1,4,4,"202409130216","20221213","C","Y"
"GNC","57870","Purple/Cold Brew Hex Bin",49,0,0,0,"CS",31,6,1,6,1,31,31,"202409130216","20221116","C","Y"
"GNC","58062","Lifesavers Sours Peg Card (25PK)",0,0,0,0,"PK",11.75,11.25,3.5,.1,100,100,1,"202409130216","20230918","C","N"
"GNC","57976","M&M's/Skittles Capture the Color - Counter Pod Overlay M&M -",246,0,0,0,"PK",13.5,9.5,1,.54,55,1760,32,"202409130216","20240207","C","Y"
"GNC","58004","Superbowl PDQ Tray",4,0,0,0,"CS",40,12,2.25,12,1,18,18,"202409130216","20230921","C","Y"
"GNC","57890","Walmart Side End Cap Wire Wing - Signage Only",0,0,0,0,"CS",76,9,4,9,1,42,42,"202409130216","20221208","C","Y"
"GNC","57946","Superbowl 4 Way Topper - Pittsburgh",0,0,0,0,"CS",155.24,48,1.5,155.24,1,19,19,"202409130216","20221221","C","Y"
"GNC","58061","M&M Peanut Grab n Go Sup 5oz Peg Card (25PK)",504,0,0,0,"PK",5,5,.25,.1,100,100,1,"202409130216","20231114","C","N"
"GNC","58036","Halloween Bridge",516,0,0,0,"CS",47.5,40,8.75,40,1,4,4,"202409130216","20240604","C","Y"
"GNC","57974","SNICKERS/NFL GOAL POST W/LG DUMP BIN",1348,0,0,0,"CS",40,48,46,19,1,6,6,"202409130216","20240626","C","Y"
"GNC","57970","SNICKERS NFL SMALL POP UP HUTCH",1966,0,0,0,"CS",47.25,16.75,3,8,1,26,26,"202409130216","20240627","C","Y"
"GNC","52165","Combos Shelf Arranger Redesign",418,0,0,0,"CS",20.25,7.25,6.75,5.7,1,72,72,"202409130216","20191014","B","Y"
"GNC","56771","3M Bean Flips (5 Pack)",0,0,0,0,"PK",3.125,3,2.75,.07,400,1600,4,"202409130216","20190625","C","N"
"GNC","50025NEW","Magnetic Cooler Vault",0,0,0,0,"CS",19,17.5,15.75,17.68,1,12,12,"202409130216","20180403","C","N"
"GNC","50249","Wheel Kit (for Large Pop Up)",77,0,0,0,"CS",26.5,18,6,6,1,300,300,"202409130216","20240604","A","Y"
"GNC","09069YTR","M&M Character  - Yellow",138,0,0,0,"CS",40.5,22,20,34,1,4,4,"202409130216","20170210","A","Y"
"GNC","56774","Lifesaver Shelf Kits (2 Kits Per Pack)",0,0,0,0,"PK",8,6,2,1,60,900,15,"202409130216","20190625","C","N"
"GNC","56770","MW Fudge Bean Flips (5 Pack)",0,0,0,0,"PK",18,3.125,3,.07,400,1600,4,"202409130216","20190625","C","N"
"GNC","52086","Adhesive Support for Peg Bag",674,0,0,0,"EA",8.5,5.5,.01,1.2,20,120,6,"202409130216","20231127","C","Y"
"GNC","56766","P1-P6 4-Way Dress Up Kit - MWC Walmart (1 Set Per Case)",0,0,0,0,"CS",52,17,2,13,1,50,50,"202409130216","20181108","C","Y"
"GNC","WR0214","15   Magna Bar- Single Peg",88,0,0,0,"CS",17.75,3.35,1.5,7.4,1,168,168,"202409130216","20180312","X","Y"
"GNC","56846","Lifesaver Wintogreen Peg Card (25/Pack)",227,0,0,0,"PK",6,4,.125,.15,325,650,2,"202409130216","20190130","C","Y"
"GNC","56848","Starburst Gummiburst Duo Peg Card (25/Pack)",0,0,0,0,"PK",6,4,.125,.15,325,650,2,"202409130216","20190130","C","Y"
"GNC","56906","Easter Shell Smashers Small Pop Up",0,0,0,0,"CS",48,16.813,3.188,9,1,26,26,"202409130216","20190307","C","Y"
"GNC","56931","Refresh Dress Up Kit  - Kit 1",0,0,0,0,"CS",56,48,48,20,1,100,100,"202409130216","20191021","C","N"
"GNC","57017","Meijer Valentines Bookcase",0,0,0,0,"CS",67,17,1,3,1,14,14,"202409130216","20190606","C","N"
"GNC","56579","8 tier Share  with Red Character",611,0,0,0,"CS",44.125,25,19.3,31,1,4,4,"202409130216","20190121","C","Y"
"GNC","56796","Menards Mega Tube",70,0,0,0,"CS",48,15.125,9,8,1,12,12,"202409130216","20190215","C","Y"
"GNC","56750","Wheel Kit - Two Sided Floorstand (1 Per Case)",273,0,0,0,"CS",21.5,19.5,6.313,4,1,24,24,"202409130216","20190104","C","Y"
"GNC","56677","KD BOX - Extra Generic - Wrigley Slimpack -  5  Generic Sing",1810,0,0,0,"PK",8.25,2.375,1.4,.35,20,3000,150,"202409130216","20181002","C","Y"
"GNC","56839","Combos Cheddar Pretzel Peg Card (25/Pack)",542,0,0,0,"PK",6,4,.125,.25,200,400,2,"202409130216","20231204","C","Y"
"GNC","56841","Combos Pepperoni Cracker Peg Card (25/Pack)",547,0,0,0,"PK",6,4,.125,.25,200,400,2,"202409130216","20231204","C","Y"
"GNC","56842","Combos Pizza Pretzel Peg Card (25/Pack)",549,0,0,0,"PK",6,4,.125,.25,200,400,2,"202409130216","20231204","C","Y"
"GNC","56997","M&M Hazelnut Danglers",0,0,0,0,"PK",6,4.5,.1,3.4,10,10,1,"202409130216","20190509","C","Y"
"GNC","57035","M&M Summer Shelf Blades - M&M",0,0,0,0,"PK",10,9,1.5,.5,10,220,22,"202409130216","20191021","C","N"
"GNC","56917","Speedway Skinny Sidekick Tablet Rack",0,0,0,0,"CS",39.75,8.875,5.125,7,1,45,45,"202409130216","20190628","C","Y"
"GNC","57058","Rework of M&M's Cooler Pod",0,0,0,0,"CS",8,6,5,.56,1,12,12,"202409130216","20190722","C","Y"
"GNC","57113","Halloween Grocery Bump Out Kits",0,0,0,0,"CS",12,9,4,3,1,221,221,"202409130216","20190729","C","Y"
"GNC","56995","M&M Hazelnut 4 Way Topper (1PK)",0,0,0,0,"CS",31.5,17.75,3.625,10,1,22,22,"202409130216","20190506","C","Y"
"GNC","57054","Orbit Relaunch Clipstrip (5 Pack)",0,0,0,0,"PK",17.1875,5.375,.75,.04,396,4752,12,"202409130216","20191230","C","Y"
"GNC","56979","Starburst Swirlers Dangler 10 pack - Starburst ( 10 pack )",0,0,0,0,"PK",6,4.5,.1,.1,350,16800,48,"202409130216","20200305","C","Y"
"GNC","56978","Starburst Swirlers Counter Display  5  pack - Starburst ( 5",0,0,0,0,"CS",14,1.875,1,1,1,252,252,"202409130216","20200228","C","Y"
"GNC","56693","Dove/KIND Floorstand 2.0",150,0,0,0,"CS",50,48,15,50,1,4,4,"202409130216","20210118","C","Y"
"GNC","56962","Super Bowl Small Pop Ups with Stadium Arch ( 1 Case )",0,0,0,0,"CS",48,35,8.375,35,1,5,5,"202409130216","20191106","C","Y"
"GNC","56957","Superbowl Helmet Counter Bowl (5 Per Case)",0,0,0,0,"CS",21,5,2.313,5,1,90,90,"202409130216","20191106","C","Y"
"GNC","57032","Valentine's Day Small Pop Up (1 Per Case)",26,0,0,0,"CS",48,9,3.188,9,1,26,26,"202409130216","20191121","C","Y"
"GNC","57412","Face Masks",23,0,0,0,"PK",9,5,2.5,.43,40,960,24,"202409130216","20200730","C","Y"
"GNC","57215","Twix Cookies and Crme Singles KD Innovation",51,0,0,0,"PK",8.25,6.25,1.75,1.28,8,520,65,"202409130216","20191120","C","Y"
"GNC","57219","Milky Way Salted Caramel Singles KD Innovation",19,0,0,0,"PK",12,12,10,1.38,8,304,38,"202409130216","20191120","C","Y"
"GNC","57183","Q4 4 Way Refresh",0,0,0,0,"CS",52,9,2,9,1,140,140,"202409130216","20191106","C","Y"
"GNC","56970","Twix Cookies and Creme Skinny Tower (1 Case)",0,0,0,0,"CS",47.913,40.378,7,7,1,22,22,"202409130216","20191230","C","Y"
"GNC","57203","NASCAR Kyle Standee (1 Per Case)",0,0,0,0,"CS",38.375,4.2,1.125,4.2,1,37,37,"202409130216","20191119","C","Y"
"GNC","56967","KIND Bark Powerwing ( 2 Case )",0,0,0,0,"CS",31,15.25,3.25,5,1,39,39,"202409130216","20190927","C","Y"
"GNC","57069","Easter Bridge (1 Per Case)",0,0,0,0,"CS",48,42,9.5,42,1,4,4,"202409130216","20200114","C","Y"
"GNC","57086","M&M Messages Counter Pod (5 Per Case)",0,0,0,0,"CS",14,1.875,1,1,1,252,252,"202409130216","20191213","C","Y"
"GNC","56981","M&M Messages Dump Bin (1 Case)",0,0,0,0,"CS",40.75,11,2.875,11,1,14,14,"202409130216","20200103","C","Y"
"GNC","57312","Snickers Brownie Mod Pod - 10PK",0,0,0,0,"PK",.1,.1,.1,.55,20,320,16,"202409130216","20201207","C","Y"
"GNC","57481","Generic Counter Pod (5 Pack)",10437,0,0,0,"CS",1,1,1,1,1,252,252,"202409130216","20201023","C","Y"
"GNC","57328","M&M Messages Dangler ( 10PK )",0,0,0,0,"PK",1,1,1,.08,420,20160,48,"202409130216","20201027","C","Y"
"GNC","57375","Q2 4 Way Refresh",0,0,0,0,"CS",52,9,2,9,1,116,116,"202409130216","20200522","C","Y"
"GNC","57422","FLX Rack - Sams Club Redemption Program",513,0,0,0,"CS",16,10,5,5,1,39,39,"202409130216","20200612","C","Y"
"GNC","57314","Brownie Lovers Counter Pod Overlays - 10PK",0,0,0,0,"PK",.1,.1,.1,.37,80,2560,32,"202409130216","20201207","C","Y"
"GNC","57353","Super Bowl Arch Focal Point Kit",0,0,0,0,"CS",48,20,3.5,20,1,12,12,"202409130216","20201117","C","Y"
"GNC","57415","Valentines Day Dove Large Pop Up",431,0,0,0,"CS",49.5,17.5,3.75,17.5,1,11,11,"202409130216","20201118","C","Y"
"GNC","57484","Skittles Gummies Original Peg Card (25PK)",2024,0,0,0,"PK",6,4,1,.03,200,20000,100,"202409130216","20231204","C","Y"
"GNC","57492","Innovation Knockdown Boxes - Snickers Almond Brownie Single",0,0,0,0,"PK",10,5,2.25,1,10,800,80,"202409130216","20201120","C","Y"
"GNC","57432","Christmas Open Up the Holidays Dump Bin (No Topper) (1 Per C",0,0,0,0,"CS",31,6,1.563,6,1,31,31,"202409130216","20200904","C","Y"
"GNC","57417","Halloween End Cap Kit",0,0,0,0,"CS",49,3.75,1,3.75,1,150,150,"202409130216","20200727","C","Y"
"GNC","57438","2022 Performance Reward Contracts (Distributor)",0,0,0,0,"PK",14,8.5,.125,.43,68,340,5,"202409130216","20210707","C","Y"
"GNC","57774","Christmas Counter Pod Overlay",65,0,0,0,"PK",13.5,9.5,1,.49,60,1920,32,"202409130216","20221007","C","Y"
"GNC","57771","Christmas Large Pop up with Header",146,0,0,0,"CS",49.5,17.5,3.75,17.5,1,11,11,"202409130216","20220915","C","Y"
"GNC","57848","Dollar General New Hex Bin - Core",0,0,0,0,"CS",31,6,1,6,1,31,31,"202409130216","20220822","C","Y"
"GNC","57549","Walmart Gum Mini Chutes Power Wing (2pk)",9,0,0,0,"CS",24,19,2,6,1,80,80,"202409130216","20210311","A","Y"
"GNC","57654","4 Tier Extra Mega Pack Counter Display w/ Extra & Orbit Art",815,0,0,0,"CS",24.56,6.625,6,6,1,70,70,"202409130216","20210823","C","Y"
"GNC","56876","Christmas Open Up the Holidays Large Pop Up (1 Per Case)",0,0,0,0,"CS",49.5,17.5,3.75,17.5,1,11,11,"202409130216","20210817","C","Y"
"GNC","57545","Gum Dump Bin Floorstand",601,0,0,0,"CS",38,35.13,26.19,38,1,3,3,"202409130216","20210914","C","Y"
"GNC","57712","Holiday Front End Cap Kit (1PK)",0,0,0,0,"CS",30,3,1,3,1,400,400,"202409130216","20210929","C","Y"
"GNC","57575","AAFES 3 Sided Endcap Signage Refresh",5,0,0,0,"CS",60.5,33,27.75,33,1,20,20,"202409130216","20211001","C","Y"
"GNC","57564","SCO DOUBLE WIDE CANDY SHELF",5,0,0,0,"CS",180,48,48,180,1,9,9,"202409130216","20210205","C","Y"
"GNC","57527","Walmart Easter End Cap Kit",0,0,0,0,"CS",47,10,2,10,1,21,21,"202409130216","20210208","C","Y"
"GNC","57809","Party City Character Topper Display - Prestige",0,0,0,0,"CS",39,22,22,22,1,6,6,"202409130216","20220225","C","Y"
"GNC","57574","Small Ice Cream Cooler Stand CORE GRAPHICS",100,0,0,0,"CS",49,36,10,49,1,12,12,"202409130216","20220503","C","Y"
"GNC","57867","Magnet Pole Mounting Kit for 57085",20,0,0,0,"CS",8,4,2.1,2.1,1,93,93,"202409130216","20230111","C","Y"
"GNC","57700","Twix Salted Caramel Single - KD Box (20PK)",0,0,0,0,"PK",10.25,4.37,2.5,1.25,8,384,48,"202409130216","20211116","C","Y"
"GNC","57615","Skittles Bring Back Line - Counter Pod Overlay (10PK)",0,0,0,0,"PK",13,9,.1,.33,90,2880,32,"202409130216","20220118","C","Y"
"GNC","57601","StarBurst Airs - Counter Pod Overlay",328,0,0,0,"PK",15,12,12,.49,60,1920,32,"202409130216","20211005","C","Y"
"GNC","57581","Superbowl Field Goal Post with Large Dump Bin - 1PK",0,0,0,0,"CS",38,12,6.625,12,1,6,6,"202409130216","20211028","C","Y"
"GNC","58030","Halloween Hex Bin no Header National - 1PK",817,0,0,0,"CS",31,6,1.563,6,1,31,31,"202409130216","20240429","C","Y"
"GNC","58038","Halloween Mini House National",0,0,0,0,"CS",46.25,35,10.75,35,1,4,4,"202409130216","20240103","C","N"
"GNC","58013","2024 Performance Reward Contracts Distrb",0,0,0,0,"PK",12,8.75,1,1.11,36,828,23,"202409130216","20230703","C","Y"
"GNC","58046","PB Minis Counter Pod Overlay 10PK",1,0,0,0,"PK",13.5,9.5,1,.54,55,1760,32,"202409130216","20240105","C","Y"
"GNC","57875","Easter Large Pop Up - 1PK",158,0,0,0,"CS",49.5,17.5,3.75,17.5,1,11,11,"202409130216","20221215","C","Y"
"GNC","57990","Party City Front End Bowl",23,0,0,0,"CS",12.8,6,3.84,3.84,1,25,25,"202409130216","20231002","C","Y"
"GNC","57188","Cinema Floor Display",19,0,0,0,"CS",44,43,20,44,1,4,4,"202409130216","20230922","C","Y"
"GNC","57956","Walmart Q3 4 Way Panels",0,0,0,0,"CS",52,30,3,30,1,90,90,"202409130216","20230505","C","Y"
"GNC","57961","Skittles SummerAde 80 Ct Header Card",1684,0,0,0,"CS",30,2,2,2,1,350,350,"202409130216","20230525","C","Y"
"GNC","57927","Corrugated Receptacle for Skittles Vending Machine",0,0,0,0,"CS",41.1875,8,2.75,8,1,12,12,"202409130216","20221223","C","N"
"GNC","58080","PB Mega KD Box - 20PK",716,0,0,0,"PK",11,7,3,.88,8,288,36,"202409130216","20240223","C","Y"
"GNC","57994","Halloween Small Spooky Tree 1PK",753,0,0,0,"CS",45.625,10,3.125,10,1,13,13,"202409130216","20230602","C","Y"
"GNC","58065","Peanut Butter Minis Mega Tube Dangler - ( 10PK )",50,0,0,0,"PK",6,4.5,.1,.1,350,16800,48,"202409130216","20231122","C","Y"
"GNC","58085","SCO RACK WITHOUT LED / PART#110917V",35,0,0,0,"EA",55,23,5.5,46,1,8,8,"202409130216","20240222","C","Y"
"GNC","57856","Menard's Lifesavers Gummy Side Wing",71,0,0,0,"CS",49.25,32,9.53,32,1,10,10,"202409130216","20230201","C","Y"
"GNC","58067","M&M Peanut Butter Minis Mega Tube Door Cling -( 20PK )",51,0,0,0,"PK",8,8,.1,.56,50,50,1,"202409130216","20231201","C","Y"
"GNC","27804","DOVE - FREEZER BINS",210,0,0,0,"CS",16.75,6.75,6.25,1.83,1,112,112,"202409130216","20240806","A","Y"
"GNC","50023","Power Wing Clip",0,0,0,0,"PK",8.5,6,1.5,.02,50,1500,30,"202409130216","20181204","C","Y"
"GNC","09056","Attach a Rack Display",199,0,0,0,"CS",45.5,10,8,6.84,1,24,24,"202409130216","20170213","A","Y"
"GNC","56775","Extra Gum Shelf Kits (1 Kit Per Pack)",0,0,0,0,"PK",8,6,2,.5,60,1620,27,"202409130216","20191021","C","N"
"GNC","56589","MM Mega Chute without Gondola Bracket",208,0,0,0,"CS",48,15.125,9,8,1,12,12,"202409130216","20180611","C","Y"
"GNC","50909","S Hooks (10 per)",1123,0,0,0,"PK",3,1.5,.5,.04,1000,2000,2,"202409130216","20191014","C","Y"
"GNC","56337","SUP Wire Shelf",12,0,0,0,"CS",9,9,7.82,4,1,54,54,"202409130216","20190222","C","Y"
"GNC","52518","Aisle and End Cap Dress Up Kit",280,0,0,0,"CS",48.5,19,2,7.85,1,40,40,"202409130216","20151214","C","Y"
"GNC","52480","Wal-Mart Mega Tube Chute",387,0,0,0,"CS",48,15.125,9,19.7,1,12,12,"202409130216","20171212","C","Y"
"GNC","56685","7-11 Tag Paper",441,0,0,0,"PK",11,8.5,.25,.56,45,1035,23,"202409130216","20180905","C","Y"
"GNC","WD6892","48 inch Shelf Extender ALMOND",640,0,0,0,"CS",49,8.5,8.5,12.66,1,20,20,"202409130216","20180322","X","Y"
"GNC","WC0233","Clip Strip - Heavy Duty with 3  Header and S Hook",627,0,0,0,"CS",31,5,5,7,1,40,40,"202409130216","20150914","X","Y"
"GNC","WC0271","Albertson's Power Wing Display-ship on pallet",146,0,0,0,"CS",64,24,9.75,85,1,10,10,"202409130216","20230321","C","Y"
"GNC","WC0368","Walmart Wing Rack - Corrugate",815,0,0,0,"CS",48.875,13.75,5.75,5,1,14,14,"202409130216","20160718","C","Y"
"GNC","WC0116","Walmart 3 Shelf 2.0",188,0,0,0,"CS",26.5,15.5,9,27,1,18,18,"202409130216","20170921","X","Y"
"GNC","WR0194","48  Magna Bar-- w/Separate HWR Zinc",3,0,0,0,"CS",47.75,5,2.5,17.9,1,114,114,"202409130216","20180312","X","Y"
"GNC","WR6850","Channel Strips - 4ft Green",14,0,0,0,"CS",18.75,14,11.25,30.06,1,126,126,"202409130216","20180906","X","Y"
"GNC","56844","Lifesaver Gummies Berries Peg Card (25/Pack)",2015,0,0,0,"PK",6,4,.125,.25,200,400,2,"202409130216","20231204","C","Y"
"GNC","56836","Flavor Vote Saddle Bag Dress Up Kit (1 Set Per Case)",0,0,0,0,"CS",15.5,15.5,14,6,1,24,24,"202409130216","20190204","C","Y"
"GNC","56873","KD BOX Orbit Freeze Single",0,0,0,0,"PK",4.875,4.32,1.75,.39,20,1600,80,"202409130216","20190226","C","Y"
"GNC","56083","Everyday Generic Side Wing (1 Per Case)",69,0,0,0,"CS",32.375,15.5,3.25,5,1,39,39,"202409130216","20170424","C","Y"
"GNC","56896","Extra Refreshers Dress Up Kit",0,0,0,0,"CS",34,14,1,1.5,1,275,275,"202409130216","20191021","C","N"
"GNC","56932","Refresh Dress Up Kit  - Kit 2",0,0,0,0,"CS",56,48,48,20,1,120,120,"202409130216","20191021","C","N"
"GNC","56823","M&M Tablet Shelf Strips (1 Roll)",0,0,0,0,"PK",4.25,4.25,2.25,0,35,35,1,"202409130216","20190509","C","Y"
"GNC","56955","M&M Hazelnut Checkout End Cap Kit",0,0,0,0,"CS",32,14,1,4,1,273,273,"202409130216","20190603","C","Y"
"GNC","56567","3 Shelf Stock Rack",619,0,0,0,"CS",17.5,15.625,7.5,5,1,36,36,"202409130216","20190110","C","Y"
"GNC","56161","Albertsons Floorstand",191,0,0,0,"CS",49,23,10,50,1,8,8,"202409130216","20170921","C","Y"
"GNC","56638","8 Tier Share with Blue Character",936,1,0,0,"CS",25,19.3,14.125,31,1,4,4,"202409130216","20190121","C","Y"
"GNC","56149","Ahold M&M with Characters Display-ships on pallet",46,0,0,0,"CS",65,28,20,150,1,1,1,"202409130216","20191021","C","Y"
"GNC","56812","M&M Tablet 4 Way Topper (1 Per Case)",0,0,0,0,"CS",35.563,28.25,2.875,5,1,15,15,"202409130216","20181228","C","Y"
"GNC","57033","Kind  KD BOX",0,0,0,0,"PK",8.125,6.125,1.75,.9,10,440,44,"202409130216","20190524","C","Y"
"GNC","57049","Kind Nut & Sea Salt Dangler (10 Pack)",0,0,0,0,"PK",7.1875,5.1875,.01,.07,220,220,1,"202409130216","20190524","C","Y"
"GNC","57006","Circle K Ice Cream Cooler Rack w/ Shelf for Tablet Bar",301,0,0,0,"CS",55.75,21,9.5,44,1,10,10,"202409130216","20190604","C","Y"
"GNC","57020","Extra Refreshers Header (1PK)",0,0,0,0,"CS",33,13.5,1,1,1,100,100,"202409130216","20190611","C","Y"
"GNC","57052","2020 Performance Reward Contracts (Distributor)",0,0,0,0,"PK",15,8.5,.2,.67,60,1560,26,"202409130216","20190620","C","Y"
"GNC","56850","Kroger Reusable Bag Giveaway Hook Kit",0,0,0,0,"CS",34,11.5,8,3,1,24,24,"202409130216","20191217","C","Y"
"GNC","56944","DECA Lane Blocker Graphic Kit",100,0,0,0,"CS",48,18,1,5,1,150,150,"202409130216","20210106","C","Y"
"GNC","57034","Halloween Pallet Skirt - BJs (1 Per Case)",0,0,0,0,"CS",46,40,1.375,10,1,30,30,"202409130216","20190710","C","Y"
"GNC","56883","Christmas Open Up the Holidays Novelty Destination Display (",0,0,0,0,"CS",47.375,35.063,8.063,44,1,5,5,"202409130216","20190913","C","Y"
"GNC","57104","MMX 1906 119 Banners for Lucas World",0,0,0,0,"CS",39,6,6,3,1,8,8,"202409130216","20190813","C","Y"
"GNC","56892","Quick Chek Tablet Counter Unit",0,0,0,0,"CS",13,9,8,4,1,72,72,"202409130216","20190503","C","N"
"GNC","57282","Starburst Mini Fave Reds Peg Card (25PK)",0,0,0,0,"PK",6,4,1,.02,320,320,1,"202409130216","20210330","C","Y"
"GNC","57294","Circle K Cooler Pusher 2 pack -Mars Ice Cream",0,0,0,0,"CS",17.75,9.438,5,5,1,56,56,"202409130216","20200331","C","Y"
"GNC","57093","MMX LW End Cap 61cm W x 198cm H",0,0,0,0,"CS",144,79,11,144,1,1,1,"202409130216","20210820","C","Y"
"GNC","57031","Valentine's Day Hex bin No Header (1 Per Case)",1,0,0,0,"CS",31,6,1.563,6,1,31,31,"202409130216","20191121","C","Y"
"GNC","57166","Snickers / M&M Hex Bin (1PK)",0,0,0,0,"CS",31,6,2,6,1,31,31,"202409130216","20200214","C","Y"
"GNC","56969","Twix Cookies and Creme Dangler ( 10 pack )",0,0,0,0,"PK",6,4.5,.1,.1,350,16800,48,"202409130216","20191203","C","Y"
"GNC","57064","Easter Hex Bin No Header - National (1 Pack)",0,0,0,0,"CS",31,6,1.563,6,1,31,31,"202409130216","20191127","C","Y"
"GNC","56965","KIND Bark Skinny Tower FS ( 1 Case )",0,0,0,0,"CS",48,18.625,1.625,6,1,52,52,"202409130216","20190927","C","Y"
"GNC","57475","Halloween 2020 IRC",0,0,0,0,"EA",13,10,1,.01,110,3080,28,"202409130216","20200831","C","Y"
"GNC","57458","7-11 King Size Promo POP Update 135039 2/$4",0,0,0,0,"EA",15.75,2.5,.1,.01,2000,18000,9,"202409130216","20200701","C","Y"
"GNC","57516","M&M Fudge Brownie Header Card for Floorstand 56986",0,0,0,0,"EA",19.5625,13.75,.25,.01,3321,3321,1,"202409130216","20201016","C","N"
"GNC","57269","Mars Grocery Multi Segment 4 sided Floorstand",194,0,0,0,"CS",52,48,14.375,52,1,6,6,"202409130216","20200520","C","Y"
"GNC","57364","Circle K 4 Tier Counter Display",0,0,0,0,"CS",26.5,12.75,10,10,1,12,12,"202409130216","20200528","C","Y"
"GNC","57418","Halloween/NFL Large Pop Up- WALMART (1 Per Case)",0,0,0,0,"CS",49.5,17.5,3.75,17.5,1,11,11,"202409130216","20200615","C","Y"
"GNC","57259","Halloween DRC Dress Up Kit with Header",0,0,0,0,"CS",44.625,8,2.375,8,1,17,17,"202409130216","20200618","C","Y"
"GNC","57257","Halloween Mini House Destination Display (2 Per Case)",0,0,0,0,"CS",48,30,9,30,1,4,4,"202409130216","20200619","C","Y"
"GNC","57262","Halloween Large Pop Up (1 Per Case)",0,0,0,0,"CS",49.5,17.5,3.75,17.5,1,11,11,"202409130216","20200620","C","Y"
"GNC","57500","Superbowl - Small Pop Ups with Arch (Tampa)",0,0,0,0,"CS",11.5,9,6.5,20,1,12,12,"202409130216","20201113","C","Y"
"GNC","57520","Meijer 2-Sided Pallet Display Header",0,0,0,0,"EA",48,4,1,.4,250,250,1,"202409130216","20201123","C","Y"
"GNC","57287","Walmart M&M Mini Tube Redesign",1886,0,0,0,"PK",24,19,2,6,1,80,80,"202409130216","20210114","C","Y"
"GNC","57067","Easter Large Pop Up (1 Per Case)",0,0,0,0,"CS",49.5,17.5,3.75,17.5,1,11,11,"202409130216","20210106","C","Y"
"GNC","57473","Christmas Bridge - WM",0,0,0,0,"CS",48,42,9.5,42,1,4,4,"202409130216","20201002","C","N"
"GNC","57474","Celebrations Large Pop Up - WM (1PK)",0,0,0,0,"CS",48,10,2.5,10,1,16,16,"202409130216","20201105","C","Y"
"GNC","57437","2022 Performance Reward Contracts (incl. Secondary Display)",0,0,0,0,"PK",14,8.5,.0938,.3,96,960,10,"202409130216","20210707","C","Y"
"GNC","57769","Christmas Dump Bin No Topper - National",224,0,0,0,"CS",31,6,1,6,1,31,31,"202409130216","20220912","C","Y"
"GNC","57777","Christmas Novelty Display",0,0,0,0,"CS",33.5,25,9.626,25,1,4,4,"202409130216","20220909","C","Y"
"GNC","57849","M&M Bold KD Box (20 pack) Refresh",2266,0,0,0,"PK",14,4,2.75,1.28,18,324,18,"202409130216","20220808","C","Y"
"GNC","57709","Extra /  Orbit Skinny Hex Bin",837,0,0,0,"CS",33,5,2,5,1,48,48,"202409130216","20220106","C","Y"
"GNC","57563","GUMMY PROTECTIVE BOLLARDS (2PK)",0,0,0,0,"CS",48,28,1,4,1,29,29,"202409130216","20210305","A","Y"
"GNC","57655","BJ's Halloween 2021 Pallet Skirt (5PK)",0,0,0,0,"CS",46,25,4.5,25,1,9,9,"202409130216","20210730","C","Y"
"GNC","57460","Walmart 4 -Way Side Panel Kit",54,0,0,0,"CS",58,52,1.75,58,1,20,20,"202409130216","20210203","C","Y"
"GNC","57625","Crunchy Cookie - Small Pop Up with Header",0,0,0,0,"CS",48,9,3.188,9,1,26,26,"202409130216","20220225","C","Y"
"GNC","57813","M&M Munchums Dangler (2PK)",0,0,0,0,"PK",6,4.5,1,.04,250,250,1,"202409130216","20220228","C","Y"
"GNC","57402","Never Stop Summering - Small Pop Up with Dump Bin",0,0,0,0,"CS",48,10,4,10,1,11,11,"202409130216","20210218","C","Y"
"GNC","57486","CVS Extra Gum Tensator Bowl Display",1202,0,0,0,"CS",13,6.5,2.6,2.6,1,54,54,"202409130216","20220414","C","Y"
"GNC","57616","Walgreens  Hex Bin 12'x12'",0,0,0,0,"CS",32.625,5,1.75,5,1,48,48,"202409130216","20210422","C","Y"
"GNC","57553","Harris Teeter Lane Blocker",0,0,0,0,"CS",80,50.75,16.25,80,1,1,1,"202409130216","20210413","C","Y"
"GNC","57614","NFL Halloween 2021 Large Pop Up - WM (1PK)",0,0,0,0,"CS",49.5,25,3.75,17.5,1,11,11,"202409130216","20210519","C","Y"
"GNC","57582","Nascar Mod Pod - 10PK",0,0,0,0,"PK",16,13,1,.55,20,320,16,"202409130216","20220110","C","Y"
"GNC","57689","Test Item-05",0,0,0,0,"PK",45,35,5,.17,30,1380,46,"202409130216","20210705","C","N"
"GNC","57610","MMS Summer Music - Counter Pod Overlay (10PK)",0,0,0,0,"PK",15,12,12,.42,70,2240,32,"202409130216","20220309","C","Y"
"GNC","57697","Starburst Airs Originals - Peg Card (25PK)",63,0,0,0,"PK",8,6,1,.1,350,3500,10,"202409130216","20211116","C","Y"
"GNC","57753","Walmart Gum Chute Extra & Gum Power wing ( 2PK)",367,0,0,0,"CS",24,6,2,6,1,80,80,"202409130216","20211126","C","Y"
"GNC","57663","Walmart 4 Way Topper - Corrugate Version",1706,0,0,0,"CS",19.75,10,1.625,10,1,96,96,"202409130216","20210923","C","Y"
"GNC","57578","Superbowl Helmet Counter Bowl - (5PK)",0,0,0,0,"CS",21.25,5,2.938,5,1,70,70,"202409130216","20211103","C","Y"
"GNC","57964","Shippers for 56046 - Self Check Out Display - Small",0,0,0,0,"EA",36,28,.5,1,152,152,1,"202409130216","20230214","C","Y"
"GNC","58034","Halloween Decoaractive Standee  1PK",227,0,0,0,"CS",24,1,1,1,1,88,88,"202409130216","20240604","C","Y"
"GNC","58033","Halloween Spooky Tree Pallet Topper",550,0,0,0,"CS",38.5,8,2.5,8,1,17,17,"202409130216","20240507","C","Y"
"GNC","57913","Counter Mat",1656,0,0,0,"CS",11.54,3,1.5,3,1,376,376,"202409130216","20230105","C","Y"
"GNC","58087","SCO COUNTER RACK / Part#11100A",6,0,0,0,"EA",16,15,8,4,1,25,25,"202409130216","20240222","C","Y"
"GNC","58086","SCO WRAP AROUND COUNTER RACK / PART#11100B",23,0,0,0,"EA",45.5,22.5,12.5,6,1,12,12,"202409130216","20240222","C","Y"
"GNC","57967","PB Minis/Mega and Skittles Littles - Small Pop Up",747,0,0,0,"CS",48,9,3.188,9,1,26,26,"202409130216","20240122","C","Y"
"GNC","58047","PB Skittles Littles Counter Pod Overlay 10PK",84,0,0,0,"PK",13.5,9.5,1,.54,55,1760,32,"202409130216","20240105","C","Y"
"GNC","57879","Easter Counter Pod Overlay - 1PK",322,0,0,0,"PK",15,12,12,.59,50,1600,32,"202409130216","20221209","C","Y"
"GNC","57874","Easter Everyday Baking Small Pop up - 1PK",5,0,0,0,"CS",48,9,3.188,9,1,26,26,"202409130216","20221206","C","Y"
"GNC","57977","M&M's/Skittles Capture the Color - Counter Pod Overlay Skitt",238,0,0,0,"PK",13.5,9.5,1,.54,55,1760,32,"202409130216","20240207","C","Y"
"GNC","57885","M&Ms Caramel Cold Brew Share KD Box (20PK)",890,0,0,0,"PK",13,7,3,1.5,8,192,24,"202409130216","20221017","C","Y"
"GNC","57942","Dash In - Counter Rack Ideation",53,0,0,0,"CS",22.625,20.75,17,17,1,10,10,"202409130216","20230503","C","Y"
"GNC","58007","BJ's Halloween Pallet Skirts (4PK)",0,0,0,0,"CS",46,25,5,25,1,12,12,"202409130216","20230728","C","Y"
"GNC","58002","SuperBowl Counter Pod Overlay 10PK",7,0,0,0,"PK",13.5,9.313,5,.54,55,1705,31,"202409130216","20231004","C","Y"
"GNC","57793","Summering M&M Summer Moment/Skittles - Large Dump Bin ( 1 Pe",1886,0,0,0,"CS",40.75,12,3.75,12,1,12,12,"202409130216","20230302","C","Y"
"GNC","57798","M&M Cold Brew - Powerwing ( 1 Pack )",1468,0,0,0,"CS",27.25,6,4.125,6,1,30,30,"202409130216","20230216","C","Y"
"GNC","57802","Extra Spring Gum Moment - Counter Pod Overlay ( 10 Per Case",3239,0,0,0,"PK",13.5,9.5,1,.59,50,1600,32,"202409130216","20230217","C","Y"
"GNC","57909","Q4 4 Way Refresh (5PK)",0,0,0,0,"PK",52,16,3,30,1,128,128,"202409130216","20221024","C","Y"
"GNC","57958","Combos Cheddar Cheese Cracker 6.3oz Peg Card (25PK)",601,0,0,0,"PK",6,4,1,.05,200,200,1,"202409130216","20231204","C","Y"
"GNC","57804","Snicker/NFL - Small Pop Up with New NFL Header ( 1 Per Case",407,0,0,0,"CS",48,14,3.375,14,1,26,26,"202409130216","20230612","C","Y"
"GNC","57894","Micro Mart DIsplay - Aramark Version",0,0,0,0,"CS",30,17,15,17,1,12,12,"202409130216","20230201","C","Y"
"GNC","58068","M&M Peanut Butter Mega Door Cling - ( 20PK )",58,0,0,0,"PK",8,8,.1,.56,50,50,1,"202409130216","20231201","C","Y"
"GNC","58066","Skittles Littles Mega Tube Door Cling - 20PK",54,0,0,0,"PK",8,8,.1,.56,50,50,1,"202409130216","20231201","C","Y"
"GNC","58026","Ice Cream Cooler Rack - 2023 Redesign",136,0,0,0,"CS",42,35.41,11.625,52,1,5,5,"202409130216","20231211","C","Y"
"GNC","24631","SNICKERS PECAN HEADER",1254,0,0,0,"CS",16,10.5,.56,.48,1,504,504,"202409130216","20240808","A","Y"
"GNC","24924","2025 Performance Reward Contracts HQ",94,0,0,0,"PK",12,8.75,1,1,40,480,12,"202409130216","20240621","C","Y"
"GNC","57973","NICKERS/NFL COUNTER BOWL HELMET",428,0,0,0,"CS",40,48,47,4.25,1,75,75,"202409130216","20240626","C","Y"
"GNC","58100","Walmart Wave 3 4 Way Panels",640,0,0,0,"CS",52,30,3,30,1,60,60,"202409130216","20240816","C","Y"
"GNC","52281","Under the Counter Rack",92,0,0,0,"CS",31.5,19.5,9.85,30,1,15,15,"202409130216","20171208","A","Y"
"GNC","09069BR","Ms. Brown Character",0,0,0,0,"CS",.01,.01,.01,1,1,300,300,"202409130216","20150522","X","Y"
"GNC","50503","Zip Ties 11 Inch",682,0,0,0,"PK",12,4,1,.5,100,2700,27,"202409130216","20140919","C","Y"
"GNC","56565","Everyday Generic Price Dangler (10 Pack)",2001,0,0,0,"PK",6.625,4.75,.1,.07,220,1540,7,"202409130216","20180405","C","Y"
"GNC","52131","Walmart Chutes Bracket Replacement Kit",21,0,0,0,"CS",16,4,2.5,1,1,100,100,"202409130216","20150730","C","Y"
"GNC","52409","Character Counter Pod",672,0,0,0,"CS",18.5,13,9,2.15,1,84,84,"202409130216","20170209","A","Y"
"GNC","56546","HyVee 4 Way Rack",1,0,0,0,"CS",61.5,49,49,301,1,1,1,"202409130216","20180517","C","Y"
"GNC","56748","Superbowl Large Pop Up with 3D Header (1 Per Case)",0,0,0,0,"CS",49.5,29,3.75,17.5,1,11,11,"202409130216","20181102","C","Y"
"GNC","WC0334","10  Heavy Duty Fastback FastFlip Hook",7,0,0,0,"PK",13.5,3,1.5,3.03,10,100,10,"202409130216","20160129","C","Y"
"GNC","WC0481","Life Savers Rolls Generic KD Box",254,0,0,0,"PK",3.75,3.75,1.25,.4,20,500,25,"202409130216","20161209","C","Y"
"GNC","WC0487","Elevated Peg",960,0,0,0,"CS",15.25,11.375,7.75,11,1,60,60,"202409130216","20161222","C","Y"
"GNC","WR0939","Channel Strips - 4ft Blue",25,0,0,0,"CS",18.5,14.25,12.25,3.1,1,126,126,"202409130216","20180906","X","Y"
"GNC","56847","M&M Peanut Peg Card (25/Pack)",1756,0,0,0,"PK",6,4,.125,.25,200,400,2,"202409130216","20231204","C","Y"
"GNC","56838","Easter Shelf Violators (5/Pack)",0,0,0,0,"PK",8,6,2,.33,180,720,4,"202409130216","20191021","C","N"
"GNC","56867","KD BOX M&M Hazelnut SS",0,0,0,0,"PK",12.25,6.19,1.75,.98,10,600,60,"202409130216","20190226","C","Y"
"GNC","56874","KD BOX Skittles Darkside SS",0,0,0,0,"PK",11.32,7.875,1.75,.98,10,450,45,"202409130216","20190226","C","Y"
"GNC","57002","Cinemark M&M Hazelnut",0,0,0,0,"CS",40,12,12,5,1,16,16,"202409130216","20190606","C","N"
"GNC","56169","Shelf Divider",202,0,0,0,"CS",24,8.5,6.25,7.75,1,50,50,"202409130216","20191021","C","Y"
"GNC","56678","KD BOX - Orbit Generic - Altoids Base Generic - Altoids Arti",1598,0,0,0,"PK",7.25,3.75,1.2,.35,20,3000,150,"202409130216","20181002","C","Y"
"GNC","56223","DECA Lane Blocker-ships on pallet",27,0,0,0,"CS",50.375,27.5,17,75,1,3,3,"202409130216","20191025","C","Y"
"GNC","57016","Generic 2x2 Tablet Counter Unit no price call out",0,0,0,0,"CS",13,9,8,4,1,72,72,"202409130216","20191217","C","Y"
"GNC","57026","Extra/5 Mega Pack KD Box",1366,0,0,0,"PK",4.9,4.3125,1.75,.45,20,1600,80,"202409130216","20190524","C","Y"
"GNC","56914","Meijer Half Pallet PDQ Tray (1 Per Case)",0,0,0,0,"CS",46.5,23.5,1.688,10,1,25,25,"202409130216","20190611","C","Y"
"GNC","57117","4 Way Refresh",0,0,0,0,"CS",52,17,2,9,1,180,180,"202409130216","20191217","C","Y"
"GNC","57008","Halloween BHOTB Castle - Walmart (1 Per Case)",0,0,0,0,"CS",48,32,9.5,42,1,4,4,"202409130216","20190625","C","Y"
"GNC","56830","Walgreens M&M Tablet Bar Molded Tray - 2 per case",0,0,0,0,"CS",8.4375,8.313,5.25,4,1,160,160,"202409130216","20190528","C","Y"
"GNC","57028","MMX Lucas World FLX display",0,0,0,0,"CS",19,8.25,4.5,3,1,39,39,"202409130216","20220408","C","Y"
"GNC","57103","Price Sticker 2 - 4.5  x 1.25 ",0,0,0,0,"EA",4.5,1.25,.01,.03,93,93,1,"202409130216","20191021","C","N"
"GNC","56878","Christmas Open Up the Holidays Baking Hutch (1 Per Case)",0,0,0,0,"CS",48,16.813,3.188,9,1,26,26,"202409130216","20190812","C","Y"
"GNC","57111","8 Tier- Hardware Graphic Only Sets",0,0,0,0,"CS",30,7,.25,.25,1,105,105,"202409130216","20190815","C","Y"
"GNC","57091","DG Front End Basket with Graphic Refresh",0,0,0,0,"CS",13.625,13.625,6.625,2.6,1,54,54,"202409130216","20191009","C","Y"
"GNC","56989","M&M's Fudge Brownie Danglers  ( 10 pack )",0,0,0,0,"PK",6,4.5,.1,.1,350,16800,48,"202409130216","20200305","C","Y"
"GNC","57288","7-11 Bumpout Sticker Set",1299,0,0,0,"PK",11.0625,8.75,.1875,.46,65,650,10,"202409130216","20200227","C","Y"
"GNC","56985","M&M's RW&B  Skinny Tower 1 pack - V1 ( 1 Case )",0,0,0,0,"CS",47.913,40.378,7,7,1,22,22,"202409130216","20200316","C","Y"
"GNC","57232","Twix Cookies and Cream Dress Up Kit",0,0,0,0,"CS",32,2,1,2,1,140,140,"202409130216","20191119","C","Y"
"GNC","57218","Milky Way Salted Caramel Share KD Innovation",77,0,0,0,"PK",10.625,7.6875,2.625,1.74,8,256,32,"202409130216","20191126","C","Y"
"GNC","57174","Fry's Boat Table",0,0,0,0,"EA",54,48,30,105,1,1,1,"202409130216","20191118","C","Y"
"GNC","57185","Peek a Boo Large Pop Up",1621,0,0,0,"CS",60,19.5,4.25,19.5,1,11,11,"202409130216","20200102","C","Y"
"GNC","56971","Twix Cookies and Creme ( 1 Case )",0,0,0,0,"CS",42.75,39.802,8,8,1,24,24,"202409130216","20191219","C","Y"
"GNC","57204","NASCAR Hex Bin with Greeter (1 Per Case)",0,0,0,0,"CS",38.375,8,1.813,8,1,23,23,"202409130216","20191127","C","Y"
"GNC","57071","Easter Egg Focal Point (1 Per Case)",0,0,0,0,"CS",48,42.998,5.375,5.38,1,11,11,"202409130216","20200106","C","Y"
"GNC","57168","Flavor Vote Danglers",0,0,0,0,"PK",6,4.5,.1,.1,350,16800,48,"202409130216","20190917","C","Y"
"GNC","57128","Twix Cookies and Creme Counter Pod (5 Pack)",0,0,0,0,"CS",14,1.875,1,1,1,252,252,"202409130216","20191213","C","Y"
"GNC","57180","Easter Hex Bin no Header - CVS (1 Per Case)",0,0,0,0,"CS",31,6,1.563,6,1,31,31,"202409130216","20191211","C","Y"
"GNC","57230","Superbowl National Kit - with Pallet Skirt",0,0,0,0,"CS",33,10,3,10,1,11,11,"202409130216","20191206","C","Y"
"GNC","56974","Orbit Relaunch Counter Pod (5 Case)",0,0,0,0,"CS",14,1.875,1,1,1,252,252,"202409130216","20191230","C","Y"
"GNC","57351","Super Bowl Large Pop Up with Topper/Dress Up Kit",0,0,0,0,"CS",48.125,35,8.375,35,1,5,5,"202409130216","20201103","C","Y"
"GNC","57352","Super Bowl Field Goal Post / Large Pop Up",325,0,0,0,"CS",38,12,6.625,12,1,6,6,"202409130216","20201106","C","Y"
"GNC","57392","Fruity Confections IRC",0,0,0,0,"PK",3,2,2,.2,90,630,7,"202409130216","20200508","C","Y"
"GNC","57476","Superbowl 2021 4 Way Display Topper + Kit (Tampa Market)",0,0,0,0,"CS",48,10,2,10,1,9,9,"202409130216","20201125","C","Y"
"GNC","57471","Valentines Counter Pod Overlays - 10PK",0,0,0,0,"PK",1,1,1,.49,60,1920,32,"202409130216","20211005","C","Y"
"GNC","57495","Innovation KD Box - Skittles Smoothies Share (20PK)",0,0,0,0,"PK",1,1,1,5,10,360,36,"202409130216","20201207","C","Y"
"GNC","57491","Innovation Knockdown Boxes - Snickers Peanut Brownie Share S",0,0,0,0,"PK",1,1,1,6,10,600,60,"202409130216","20201207","C","Y"
"GNC","57483","Combos Cheddar Cheese Bacon Peg Cards (25PK)",533,0,0,0,"PK",6,4,1,.03,324,32400,100,"202409130216","20201120","C","Y"
"GNC","57499","Superbowl - Tampa Bay Kits w Pallet Skirt",0,0,0,0,"CS",11.5,9,6.5,10,1,11,11,"202409130216","20201127","C","Y"
"GNC","57441","Christmas Yard Small Pop Up",1297,0,0,0,"CS",48,9,3.188,9,1,26,26,"202409130216","20200806","C","Y"
"GNC","57451","Medium Vinyl Gloves - 100/box",0,0,0,0,"PK",9,5,2.5,1.7,10,10,1,"202409130216","20200922","C","Y"
"GNC","57759","Q1 4 Way Refresh",0,0,0,0,"CS",52,30,3,30,1,80,80,"202409130216","20220128","C","Y"
"GNC","57770","Christmas Tree",568,0,0,0,"CS",45.313,10,1.75,10,1,24,24,"202409130216","20220906","C","Y"
"GNC","57772","Christmas Bridge - National",0,0,0,0,"CS",48,42,9.5,42,1,4,4,"202409130216","20220930","C","Y"
"GNC","57775","Christmas Destination Display",7,0,0,0,"CS",47.375,44,8.063,44,1,6,6,"202409130216","20220929","C","Y"
"GNC","57656","Dark Chocolate Almond Brownie End Cap Kit (1PK)",0,0,0,0,"CS",36,10,2,2,1,348,348,"202409130216","20210803","C","Y"
"GNC","57672","Sam's Club Concessions Tray",0,0,0,0,"PK",16.54,11.81,5.51,5.14,3,108,36,"202409130216","20210723","C","Y"
"GNC","57529","Meijer Gum Wire End Cap",0,0,0,0,"CS",24.25,7.25,6,6,1,7,7,"202409130216","20220103","C","N"
"GNC","57691","Walmart SNK DK ALM - Slant Filler - Unprinted",0,0,0,0,"EA",22.125,21.75,.125,.25,1,1,1,"202409130216","20210721","C","N"
"GNC","57706","Dark Almond Snickers Trays - Walmart(5 pack)",0,0,0,0,"CS",30.38,11.18,5,11.18,1,36,36,"202409130216","20210806","C","Y"
"GNC","57705","Dark Almond Snickers Trays - Walmart(1 pack)",0,0,0,0,"CS",30.38,3.02,2,3.02,1,50,50,"202409130216","20210722","C","N"
"GNC","56779","Grab N Go Cooler Rack v2 (does not include cooler)",704,0,0,0,"CS",52,42,11.625,52,1,4,4,"202409130216","20210728","C","Y"
"GNC","57662","Extra/5 New Sticker Header for 56406",860,0,0,0,"EA",7,5.5,.04,.02,2510,2510,1,"202409130216","20210825","C","Y"
"GNC","57744","Halloween - Bridge - Walmart",303,0,0,0,"CS",48,46,10.5,46,1,4,4,"202409130216","20220620","C","Y"
"GNC","57539","Boat Table Graphic Mounting Clips",49,0,0,0,"PK",8,5,1,.5,100,100,1,"202409130216","20210127","C","Y"
"GNC","57590","Gum Moment Generic Power Wing - 2 Per Case",1832,0,0,0,"CS",27.25,5,4.125,5,1,30,30,"202409130216","20220301","C","Y"
"GNC","57823","Starburst Gummies Duos Peg Card (25PK)",1874,0,0,0,"PK",6,4,1,.05,220,220,1,"202409130216","20221220","C","Y"
"GNC","57399","Never Stop Summering Dump Bin - Large Seasonal Circle with H",0,0,0,0,"CS",40.5,14,3.375,14,1,12,12,"202409130216","20210224","C","Y"
"GNC","57543","Starburst Gummies Sours Peg Cards (25PK)",0,0,0,0,"PK",10.375,7.75,.5,.07,150,1650,11,"202409130216","20210331","C","Y"
"GNC","57736","Halloween - Small Pop Up 1PK",1561,0,0,0,"CS",48,9,3.188,9,1,26,26,"202409130216","20220502","C","Y"
"GNC","57788","Twix Cookie Dough - Small Pop Up ( 1 Per Case )",520,0,0,0,"CS",48,9,3.188,9,1,26,26,"202409130216","20221031","C","Y"
"GNC","57715","PPE Cut Glove Pair - Kyorene Pro - Large",497,0,0,0,"EA",9.8,3.9,.25,.1,50,2500,50,"202409130216","20230629","C","Y"
"GNC","57584","Nascar Hex Bin with Greeter - 1PK",0,0,0,0,"CS",38.375,8,1.813,8,1,31,31,"202409130216","20220104","C","Y"
"GNC","57675","FLX Rack Stickers for 8F Share",3752,0,0,0,"EA",17,11,.04,.13,200,200,1,"202409130216","20210714","C","Y"
"GNC","57699","Twix Salted Caramel Share - KD Box (20PK)",0,0,0,0,"PK",10.25,7.75,2.5,1.38,8,160,20,"202409130216","20211203","C","N"
"GNC","57609","Summer Moment - Dump Bin Large Seasonal with a reversible he",63,0,0,0,"CS",40.75,12,3.375,12,1,12,12,"202409130216","20220228","C","Y"
"GNC","57588","Gum Moment Skinny Hex Bin - 1 Per Case",648,0,0,0,"CS",32.625,5,1.75,5,1,48,48,"202409130216","20220303","C","Y"
"GNC","57701","Dove Lg Promise PB - KD Box (20PK)",0,0,0,0,"PK",11.25,7.75,2.5,1.44,8,256,32,"202409130216","20211116","C","Y"
"GNC","58039","Halloween Counter Pod Overlay  Generic - 10PK",179,0,0,0,"PK",11.25,8.75,1.75,.49,60,1920,32,"202409130216","20240425","C","Y"
"GNC","58082","Snickers NFL Countertop Ice Cream Cooler",47,0,0,0,"CS",57.6,27.4,15.4,57.6,1,9,9,"202409130216","20240301","C","Y"
"GNC","57914","Snickers & M&M Hex Bin 1PK",32,0,0,0,"CS",31,6,1.563,6,1,31,31,"202409130216","20221117","C","Y"
"GNC","57873","Easter Everyday Small Pop up - 1PK",884,0,0,0,"CS",48,9,3.188,9,1,26,26,"202409130216","20221206","C","Y"
"GNC","57955","Autozone Front End Bowl",8,0,0,0,"CS",12.8,6,3.84,3.84,1,54,54,"202409130216","20230918","C","Y"
"GNC","57979","Orbit Spring Moment - Counter Pod Overlay - 10PK",243,0,0,0,"PK",13.5,9.5,1,.54,55,1760,32,"202409130216","20240207","C","Y"
"GNC","58076","ABSCO End Cap Kit",386,0,0,0,"CS",48,2.5,1.88,2.5,1,68,68,"202409130216","20231220","C","Y"
"GNC","57799","M&M Cold Brew - Small Pop Up ( 1 Per Case )",968,0,0,0,"CS",48,9,3.188,9,1,26,26,"202409130216","20230220","C","Y"
"GNC","57800","M&M Cold Brew - Counter Pod Overlay ( 10 Per Case )",3151,0,0,0,"PK",13.5,9.5,1,.59,50,1600,32,"202409130216","20230217","C","Y"
"GNC","58063","Skittles Littles Mega Tube - Dangler  10PK",49,0,0,0,"PK",29.5,3.875,3.625,.1,350,16800,48,"202409130216","20231122","C","Y"
"GNC","58040","Halloween Counter Pod Overlay  Snickers Sharps - 10PK",208,0,0,0,"CS",14,1.875,1,1,1,252,252,"202409130216","20240429","C","Y"
"GNC","58035","Halloween Small Spooky Tree - 1PK",624,0,0,0,"CS",47.5,12,1.75,12,1,13,13,"202409130216","20240510","C","Y"
"GNC","58077","Royal Farm Character Bowl",385,0,0,0,"CS",12.875,6,3,3,1,99,99,"202409130216","20240430","C","Y"
"GNC","27804B","SNICKERS - FREEZER BINS",260,0,0,0,"CS",16.75,6.75,6.25,1.83,1,112,112,"202409130216","20240806","A","Y"
"GNC","27952","STOP & SHOP COOLER TOPPER RACK",3,0,0,0,"CS",26,19,5,9.5,1,7,7,"202409130216","20240828","C","Y"
"GNC","58029","Halloween Street Lamp Pallet Topper",844,0,0,0,"CS",38.375,10,2.625,10,1,16,16,"202409130216","20240530","C","Y"
"GNC","58096","BJs Halloween Pallet Skirt (6PK)",0,0,0,0,"CS",47,37,4.875,37,1,8,8,"202409130216","20240805","C","Y"
"GNC","58092","MARS SILVER 9DX12W SHELF KIT",153,0,0,0,"CS",10,5,4.5,5,1,125,125,"202409130216","20240502","C","Y"
